plate,price
BU 5,788000.0
APK 6,73800.0
APD 9000,3800.0
VQG 2112,4500.0
VQL 34,8800.0
SJP 4,39800.0
JYU 133,3800.0
SD 47,38800.0
BSG 636,2800.0
RW 6661,7800.0
QAB 9 K,65888.0
VPB 8811,2500.0
SU 22 Q,14800.0
PSA 18,22800.0
VKY 2525,2500.0
VQA 27,18800.0
BSE 8778,2500.0
VGQ 266,4800.0
DFP17,12800.0
TCV 886,3800.0
BHF 83,11800.0
VPT 9393,4300.0
VMM 7203,1300.0
ANX 2288,2800.0
JAM 82,12800.0
ANU 9898,3300.0
VPA 2211,3800.0
JVT 818,5800.0
PHF 55,26800.0
SMN 37,9800.0
APK 699,2900.0
VQB 24,10800.0
RBA 8181,2800.0
DP 96,78800.0
VQK 118,11800.0
VKK 3899,1600.0
DFF 2332,2500.0
PRF 74,6800.0
VPT 575,3800.0
APK 1818,3800.0
VMV 5211,1000.0
SP 767,6800.0
DEM 66,20000.0
VQB 1999,3500.0
VMV 6396,1000.0
VQK 31,13800.0
PSD66,21800.0
TAQ 999,26800.0
SYK2424,1599.0
JGD 96,20900.0
PMK 21,19900.0
BSU 35,11800.0
VQT5,93999.0
RAH 338,2800.0
JYU 70,9800.0
VPA 1168,2500.0
BEW9,126000.0
NM 161,7300.0
PSD 77,28800.0
WWV 21,19800.0
VPE 993,2500.0
SU 9 P,81588.0
SJR 9666,2800.0
WDB66,27800.0
VMV 3122,1300.0
ADV89,11300.0
SAS 7,448000.0
VQR 66,31900.0
NEK 899,4900.0
PQP 34,7800.0
VMM 8009,1300.0
VPC 633,2300.0
VQG 7711,3800.0
VMT 321,1600.0
BSU 13,16800.0
VMV 2345,1300.0
VQR3311,3800.0
APL 35,8800.0
FH 8898,10800.0
BCA 1,488000.0
MV 99,168000.0
JUP 26,18800.0
BSU 505,3500.0
BSP 63,15800.0
NEB 4848,3900.0
VMV 6398,1000.0
DFA 9,132888.0
NEJ 686,4900.0
NEG 9889,4300.0
VPN 2,128000.0
CFC 8686,6800.0
CJ 110,8800.0
VPV 3737,2800.0
BSL323,4800.0
WTT2,228800.0
QAB 68 C,11800.0
QMU 9,113888.0
DFP 6868,4900.0
VMV 1419,1000.0
W20,388000.0
TDG 9988,3800.0
NEK 76,7800.0
APD 666,17800.0
VQA 8886,3800.0
VMV 3553,2500.0
JYU 63,12800.0
JVR 6611,3388.0
BRK 6611,3888.0
VEV44,18800.0
VMM 7898,1300.0
BSF 1331,5000.0
FH 3233,4800.0
VMV 5245,1000.0
VNX 886,3800.0
BHA 1111,38800.0
VQU 115,3800.0
VMV 2867,1000.0
PPN 86,21800.0
VPB 1117,2800.0
VMV 7867,1000.0
SWQ 8787,3888.0
VQT 1212,6800.0
NAJ 99,39800.0
JGK 11,68800.0
RBE36,12800.0
VMM 8677,1300.0
M 42 M,26800.0
VMM 9123,1300.0
VQH 8800,3800.0
KFM 28,22800.0
QKY 444,8900.0
VPS 12,24800.0
VMV 107,1600.0
JYV 999,21800.0
SMV 92,10900.0
VMV 6285,1000.0
PNN 2222,11800.0
VQC 3223,3800.0
JYV 9988,3800.0
RBA 929,2800.0
FB 90,43800.0
WV 101,18800.0
VMM 7512,1300.0
PSD 111,14800.0
KGF 898,3300.0
VPB 636,2800.0
RK 85,39800.0
VMV 9266,1300.0
VQF 63,15800.0
KGE 77,22800.0
SJE 9,105888.0
MDV 38,11800.0
VMV 3308,1000.0
TDG 2121,3800.0
APG 1118,4300.0
DFF 3288,2300.0
BKD 8,108000.0
VMM 8208,1300.0
KBQ 12,18900.0
TDA 800,4800.0
KGB 19,18800.0
BSU 31,8800.0
VMV 6383,1000.0
VMV 1317,1000.0
SMT 118,10800.0
RBD22,19800.0
VNE 8787,3888.0
SB 101 J,4900.0
PSD86,9800.0
JYL 8787,3888.0
VMM 7488,1300.0
NEH 288,6300.0
DJ 8388,14800.0
PRP 171,2800.0
PRV 39,12800.0
QCV 87,9900.0
SWQ 555,16800.0
KFP 59,6800.0
RAU 5555,9800.0
BRY90,15900.0
UUU 9793,1800.0
BSU 585,3500.0
VNW 638,2500.0
ANU 9009,2800.0
VMM 9295,1300.0
JYU 55,30800.0
VMV 2340,1000.0
RBE 168,8800.0
PQX10,36800.0
VQR 13,25800.0
VQJ 25,11800.0
BSL282,3800.0
FH 188,16800.0
VMM 8908,1300.0
VQE99,39800.0
VMF 6628,1200.0
SWJ 5,89800.0
VMV 3183,1000.0
BSU 1888,4300.0
BSH 788,3500.0
PSD 51,7300.0
BSU 155,3800.0
BSU89,9800.0
FH 6633,7800.0
VQT 95,12800.0
VMV 4063,1000.0
VNT 555,14300.0
Y 9999,218800.0
VMV 6294,1000.0
DFP 2,98000.0
T80,318000.0
VQP 8118,4500.0
VQB 7227,3800.0
WAQ 33,30000.0
VQS 38,11800.0
VQU1111,11800.0
JUG 8,228888.0
VIP 1080,5800.0
JYV 393,3300.0
KGF 633,3300.0
SJR 228,4300.0
VKX 380,1600.0
MEE 92,16800.0
SJQ 55,26800.0
BBB 366,26800.0
PCJ8,115999.0
A1993A,6800.0
XIASEAN 9,219800.0
VQL 616,3800.0
TDF168,4800.0
VMV 9589,1000.0
VQL 225,3500.0
AEN 222,18800.0
RBD 8989,4300.0
VNR 151,2800.0
KFK 113,5800.0
VMM 7954,1300.0
NEK 9898,3300.0
WAU 9,225888.0
RBE 6688,4500.0
KFW10,23800.0
JYV 313,6900.0
VMA 2500,1000.0
RBB 363,2800.0
BSU 2626,3800.0
RBE 9999,14300.0
RBE1122,3800.0
DFP 69,9300.0
UC 5664,1900.0
VQF 89,13800.0
JWE 8888,17500.0
DFN 222,14800.0
KGF 6666,10800.0
TDG 89,10800.0
WCC 8,299800.0
BSP 73,9800.0
CL 232,16800.0
VMV 7710,1000.0
WRJ 19,22800.0
VMV 5909,1000.0
VMV 421,1300.0
ALL 9319,11800.0
KGD 12,19800.0
VMH 169,1300.0
VX 9990,1600.0
VMM 7895,1300.0
CFE 96,17800.0
AAD 333,33000.0
VPP 202,4300.0
BEF 27,19800.0
BSU 91,11800.0
APG 8989,4300.0
NEK 1212,5300.0
VKY 2026,1000.0
VKB 3636,3300.0
TAN 775,26800.0
VNY 8880,2500.0
VQN 3,103000.0
APD 2112,3800.0
JVJ44,20900.0
QAB 1,333800.0
VMU 2233,3500.0
WQR 2222,7800.0
PMM 9,268000.0
VMV 8797,1000.0
BSU 900,4500.0
VQM 3333,15800.0
VJA 1208,1000.0
NU 119,7300.0
PSD 110,3300.0
CFE 93,11800.0
VQU 727,4800.0
VIP 2282,9800.0
WYN 23,17900.0
VMV 4541,1000.0
VNT 3888,2800.0
VMM 8186,1300.0
VMM 7176,1300.0
DFP 12,17900.0
NEH 1818,5800.0
VNB 3393,1200.0
SIS 8666,6800.0
VQT 2222,8300.0
GT 100,29800.0
TBB8,268000.0
KF33Q,28800.0
VLS 3899,1300.0
IM 1313,68000.0
NEE 8898,6300.0
RR203,18000.0
BNA 81,10800.0
UC 666,68000.0
KFH 7,85000.0
VMR 129,2800.0
RBE 777,14800.0
TBW 10,34800.0
BSP 35,11800.0
VMM 8608,1300.0
VPA 3000,2800.0
VPV 3131,6800.0
QRX 1818,5500.0
VPB 47,8800.0
NEJ 19,21800.0
QCV 63,14800.0
JYU 69,11800.0
KGF 113,2900.0
JYV5555,7800.0
ANU 8811,2800.0
BSU 6699,3500.0
VMV 7879,1000.0
VQH 15,17800.0
RAX 13,24800.0
BSS 18,48800.0
BBT 7,179888.0
JYV 9999,18300.0
ANU 262,2800.0
CN 92,49800.0
MDV 53,6800.0
WWT 6611,2500.0
GOLD 1168,9900.0
VMV 8907,1000.0
VQT 16,13500.0
VMV 9820,1000.0
RBD 3333,13800.0
VMV 9594,1000.0
RBD 121,3800.0
VPS 778,3800.0
SW 16,98000.0
VQU 2211,3800.0
SU 27 Q,9800.0
BSU 3288,3500.0
FE 1997,1600.0
RG833,16800.0
APD 252,3500.0
RBB 2992,2500.0
WMA 4,49800.0
SJL 71,10800.0
AGY 5,128000.0
KGF 82,7300.0
VMV 5498,1000.0
BSL688,4500.0
VMV 9182,1000.0
VMM 7328,1300.0
VQV 163,5800.0
SJR 500,3800.0
PSD 126,3300.0
VQM 2121,4300.0
WH 303,23800.0
QS 999,68800.0
RBD 966,3500.0
APL 888,18800.0
JM 366,26900.0
VPN 6388,3500.0
BST 288,6500.0
SJQ 22,26800.0
VPN 8899,4800.0
WKX 96,13800.0
NA37,40800.0
VMV 7110,1000.0
QDC 70,7800.0
VMV 9200,1300.0
PRP 6633,2800.0
VLG 5555,10800.0
DFP 999,19300.0
FH 667,8300.0
SP 7007,6500.0
SMV 20,13900.0
JYU 969,3800.0
RH38,68800.0
QM 51 U,8800.0
VQM 91,15800.0
VMV 1014,1000.0
SMU 724,3900.0
QBJ 89,9800.0
QDC 7777,12300.0
UNISZA 2,88800.0
VMV 1134,1600.0
BSD 122,2500.0
VPA 6363,3800.0
RBE 6888,3800.0
ANB 59,7800.0
VKP 8282,2400.0
KGF 8989,3300.0
RA 26,83800.0
APD 3223,3800.0
VQA 5151,3800.0
JYD96,17800.0
PNL 38,8800.0
VGY91,8900.0
BSU22,19800.0
PSD 288,3800.0
ANE 11,58800.0
DFP 27,12300.0
CY886,6800.0
BSJ 5000,2800.0
QCF 7,73000.0
QM999U,12800.0
VQT11,33990.0
EV 45,49800.0
JML 69,15800.0
BSL877,3500.0
VMV 242,2800.0
VQB 171,4300.0
VMQ 3636,3300.0
VQU 889,4300.0
APC 2266,3800.0
VNV 8838,4300.0
ANU 1331,2800.0
KFK 84,7800.0
DFN 11,42800.0
VBC 70,10800.0
WQV 7777,15800.0
VMV 1886,1300.0
APK 663,2900.0
PSD 16,13300.0
BBB 991,26800.0
SJR 9966,3300.0
SP 97,42800.0
DBJ 99,44800.0
CFE 99,39800.0
VQV 666,23800.0
SP 8822,6800.0
VQA 3663,3800.0
VMM 9444,1300.0
VMM 8522,1300.0
APC 1771,3800.0
VNW 320,2300.0
BSH 663,3500.0
VMM 7567,1300.0
BRH 75,7800.0
GM 511,9000.0
VQR 2200,3800.0
BHR 52,6300.0
VQU26,11800.0
APD 35,11800.0
RBE 1122,3800.0
CFD 11,39000.0
MEE 9988,6800.0
VMM 9598,1300.0
BSP 8889,3800.0
RBE 23,17900.0
SP 8833,6800.0
VQU 66,30800.0
VMV 5051,1000.0
VLA 18,31888.0
VQF 65,8800.0
VMV 7898,1000.0
VMV 1778,1000.0
BEH 1,888888.0
VMV 2324,1000.0
PSD 3000,3300.0
UC 58,30800.0
JYU 886,3800.0
QDD 55,68800.0
JDD 56,17800.0
BSP 2628,4800.0
VQV 111,39800.0
JYV 1000,4300.0
D633,45800.0
CAW 7,80888.0
QT 76,36800.0
VMM 7354,1300.0
RBD 5000,4300.0
SP 2882,6800.0
VMV 6981,1000.0
APC 2772,3800.0
JX 728,7700.0
PRQ 13,20800.0
WNE 68,13300.0
PHH 4444,11800.0
VMM 8474,1300.0
RBE 889,4300.0
RBA 34,7800.0
JWH 6611,3388.0
UM 3328,2800.0
BSU1717,3800.0
G 9398,9800.0
VMX 6626,1300.0
BSP 911,5800.0
VNT 8228,2800.0
SMR 7,98000.0
DFF 757,2500.0
JYV 5000,3300.0
VND 2000,3300.0
VMV 5559,1600.0
VNK 1131,1600.0
QDA 32,8800.0
VPA 5551,1300.0
AHF 1,499800.0
VDA 2628,2500.0
VMM 9109,1300.0
APK 2233,3300.0
BSL 24,10800.0
KAW66,29800.0
UU 88,588000.0
VMV 4526,1000.0
VPD 66,30800.0
QRX 8118,4300.0
QM 228 U,4800.0
PGY 18,26800.0
WAJ 889,10900.0
VCQ 138,4900.0
ANW 383,2800.0
VQD99,39800.0
VMV 1638,1300.0
SU 168 Q,4800.0
MX 62,29800.0
VMV 1522,1000.0
VPM 6666,15800.0
VPD 505,3800.0
SAC 333 A,11800.0
VMV 9251,1000.0
BSU 36,13900.0
TN 86,58800.0
JT 888,118800.0
CFF 18,41800.0
KDX 9,128000.0
VMV 443,1600.0
A41A,118800.0
RBE 9889,4300.0
VMV 630,1600.0
VQV 328,5800.0
VK9999,46800.0
SU 22 P,18800.0
RBE 9966,3800.0
RBE 8998,4300.0
VQR88,31990.0
BSP 38,12800.0
SP 1331,6800.0
VQS 866,3300.0
EV 6966,5800.0
VMV 3403,1000.0
VJL 54,7800.0
SWR 87,8000.0
NK 68,68800.0
VPD 999,23800.0
TDD 88,89800.0
DFP 19,16800.0
A95A,63800.0
DFP 222,10300.0
RR 1717,38800.0
VMV 1175,1000.0
VQS 663,3300.0
VMY 599,1600.0
ANU 797,2800.0
VMV 6825,1000.0
TDG 82,8300.0
WYK 121,2800.0
VQB 3232,3800.0
VFM 9696,3800.0
VJQ 6626,1300.0
VQA3123,1000.0
KEY 9988,6800.0
APK 6000,3300.0
JPR 3,198000.0
VMM 8758,1300.0
VMV 7079,1000.0
VNS 11,39000.0
VQH 1818,6500.0
VQU 1515,3800.0
PR8883,12800.0
BSP 5151,3800.0
VMW 11,53800.0
BQQ 5555,29900.0
VMV 9633,1300.0
VMV 3813,1000.0
SU 668 Q,3300.0
M6663,36800.0
VQJ 5151,3800.0
BSP 880,3800.0
ANX 2882,2500.0
VPN 128,5500.0
MEE 111,89800.0
SP 2552,5500.0
NEK 800,3800.0
VMM 8902,1300.0
BSU666,12666.0
SJ 666,39800.0
JYV 80,10900.0
JYS 6999,3900.0
AP 8822,8500.0
JSG 2020,2300.0
VQK 16,18800.0
VMV 3639,1000.0
JLW 6,139800.0
BSL628,3500.0
TDG9988,3800.0
KGF 500,3800.0
QBJ 82,10900.0
WTV 8,148000.0
VNN 368,2500.0
YY 24,89800.0
VQV 11,69800.0
SJR 899,4300.0
KGF 116,2900.0
PHR 77,30800.0
VPJ 1,388000.0
VPG 1118,5800.0
WA8888Q,19800.0
BST 29,13900.0
RAY 505,13800.0
DE 6666,30800.0
VQS 80,13800.0
VPS 8686,4800.0
SJR 666,19900.0
DEN66,28000.0
VMV 9225,1000.0
WWP 4,79800.0
BSG 7878,2500.0
RBA 119,2500.0
RBE 17,24900.0
RBE 8999,3800.0
QDD 8282,4800.0
DFP 98,10300.0
VQT 33,28800.0
VNT 9595,2800.0
VQU 1188,4800.0
KGD 666,16800.0
CBS 77,26800.0
BSR 6666,15800.0
PRB 3,88000.0
QRW 28,23800.0
BSL1001,4500.0
VMB 36,9800.0
FH 3133,4800.0
WJ 111,75800.0
BQS777,38800.0
QM 33 T,18800.0
JQX 8558,4800.0
VMV 4707,1000.0
KGF 8899,3300.0
JYU 805,4300.0
VMV 3576,1000.0
VQA 626,3800.0
NEB 33,33800.0
VMV 1412,1000.0
VMR 9991,2800.0
JJV6666,25800.0
QRV 9,122888.0
DD9319,28800.0
BSN 6,93800.0
MCM 999,42800.0
VQL 19,22800.0
VQV 737,5800.0
RL 2555,7900.0
MAY 36,59800.0
VNW90,9800.0
BRR 15,23800.0
SU 73 Q,8800.0
MU 8838,5800.0
FH 8881,4800.0
VQH 6868,4800.0
FH 779,8800.0
RBE 36,12800.0
AND 112,4800.0
VMY 939,4800.0
JYA 30,10800.0
VQK 98,14800.0
VHF 199,3000.0
VNP 3899,1300.0
R 1010,63800.0
PRP 9339,2800.0
A 6446 A,6800.0
WMK 123,5500.0
WDR 22,24800.0
VQS 833,3300.0
APF 16,16800.0
APG 8866,3800.0
VQS 6868,5300.0
VQL 8118,4800.0
BL 10,138000.0
KB6366,7900.0
VQP 3399,3800.0
VQT 3388,4200.0
R 1987,29800.0
VMM 8877,3000.0
WVX80,11800.0
VMG 1208,1000.0
APK 883,3300.0
LC 101,29800.0
VMV 2557,1000.0
JYH 888,21800.0
RB 18,108000.0
JYP 99,52800.0
QS 55,128000.0
NY 1010,19800.0
VCQ 5,79800.0
VQJ 900,4500.0
SU 1111 Q,8300.0
VQA 8882,3800.0
BSR 1688,4300.0
VQU 9966,3800.0
MDU 67,6800.0
VMM 8804,1300.0
TAN3355,15000.0
BSQ 5,99800.0
QM9J,79999.0
VMV 5788,1000.0
JYU82,9800.0
AJE 71,6300.0
JQY 888,41800.0
UITM 9,112888.0
BSP 128,4800.0
JYU 711,3800.0
JSA 9229,1800.0
FG 2332,4500.0
VMV 2982,1000.0
VKD 2222,14800.0
QMJ 100,7800.0
VQJ 53,8300.0
DFP88,29800.0
PKW55,26888.0
AGB 88,38888.0
SJQ 86,12800.0
VMR62,8800.0
VQJ 757,3800.0
MR 662,10800.0
ADE 7,118000.0
VQD 9898,4300.0
BSS 168,16800.0
UTEM80,8888.0
NEH 168,8800.0
KGF 288,3800.0
VMV 709,1600.0
DFH 2888,4300.0
VNG 1331,2800.0
VG1,1485000.0
QM 67 U,7800.0
JYU 131,3800.0
VPD 1100,2500.0
VNT 52,8300.0
W6U,360700.0
VMV 7228,1300.0
ALD 92,9800.0
BST 118,9800.0
FH 277,7800.0
VMV 4663,1000.0
QP 81,49800.0
JYU 1000,4800.0
VMV 2526,1000.0
PRF 53,6800.0
WH 5,350000.0
VQU 138,4800.0
WVW 63,19800.0
VMV 1931,1000.0
BSA 8686,2800.0
VQG 38,13800.0
WA 93,59800.0
VQP 232,3800.0
BSU7777,10800.0
APF886,3800.0
VMM 9232,1300.0
BSP 1919,4300.0
VMV 2023,1000.0
VNR 8686,4300.0
TDG2266,3800.0
VR8668,5888.0
VQH 72,12800.0
VMV 1233,1300.0
VMM 7414,1300.0
VPY 323,4800.0
VQA 3888,4500.0
VMV 6811,1300.0
VMM 8994,1300.0
VNM 232,2800.0
APG 3113,3800.0
VHW 8777,1900.0
ANU 2628,2800.0
RBE1199,3800.0
DFF 9992,2300.0
BSA 2323,2800.0
JM 8800,16800.0
RB 72,53800.0
SMT 24,10800.0
VMV 7529,1000.0
TQ9995,4900.0
BNE 9449,2300.0
KBN 1,365888.0
VMV 1362,1000.0
VKU 8228,3800.0
VPT 8585,3800.0
MEC 12,23800.0
VPA 7007,3800.0
JYU 45,9800.0
QMK 68,16900.0
AFP 31,12900.0
KN 29,39800.0
SA 199 A,15800.0
RBE 78,8300.0
BSB 77,53800.0
VLX 1800,1300.0
JWT 86,47000.0
TDD 9999,42800.0
VPQ 8866,3800.0
JJD 18,53800.0
JYV90,9800.0
VMR 1228,2800.0
SWN 2020,3900.0
BSD 2223,2500.0
DFD 6611,4588.0
BQN 9889,2300.0
KGF 3333,8800.0
VMV 5071,1000.0
VHJ 8989,1580.0
SJR 711,3300.0
SUKOM 68,88000.0
SD 3 X,88800.0
WCM 85,14900.0
PJP 8,209800.0
JVX 6611,3388.0
QCV 13,19800.0
GM 5555,33800.0
TJ 995,11800.0
NEK 898,3800.0
VMM 8880,1900.0
VPT 1991,3800.0
KDX 4,39800.0
UC 44,38800.0
QRX 333,22800.0
BSD 616,2800.0
PPU9,198000.0
PSD 9000,3300.0
TDC 8,93888.0
VNT 8558,2800.0
VHN 13,17800.0
JJV 8888,39800.0
BSU 1212,5800.0
CFC 9889,5300.0
N23,318000.0
QAB 7 N,55888.0
MDW 48,7800.0
E 26,258800.0
VMV 1970,1000.0
VEC 229,2388.0
QM 17 U,13800.0
VFB 661,1600.0
GG 5,788000.0
PSD 2288,3300.0
VKY 2608,1000.0
QTJ 11,36800.0
BSU 63,14800.0
DX 30,58800.0
UM 64,29800.0
VMM 9355,1300.0
VMV 4098,1000.0
VMV 1892,1000.0
FG 2233,8800.0
APL 7777,15800.0
JWQ 138,5300.0
NEH 2828,6300.0
TDG2121,3800.0
KFQ 87,9800.0
WXU 88,42800.0
VPC 3636,2800.0
MC6Q,83000.0
PRX7777,13000.0
TDE 126,4300.0
VQK 8181,3800.0
DFP11,33800.0
BSN 69,13800.0
AMG 13,78800.0
APG 6363,4300.0
NT 881,6800.0
QM 35 T,38800.0
BQP 5,68000.0
VPD 8868,2300.0
MDU 65,6800.0
APD 218,3500.0
APG 8181,3800.0
RC 886,16800.0
VQU 318,3500.0
DFP 18,20800.0
DFP 11,39800.0
VPB 6611,2500.0
NEF 8888,20800.0
VMM 7913,1300.0
BSP 600,4300.0
JWD 6611,3388.0
MU831,7900.0
Q 53,188800.0
VMM 8113,1300.0
VLR 6626,1300.0
APG 40,7800.0
QCV 81,10800.0
VQG 8883,3800.0
WWK18,67600.0
APD 2828,5300.0
QDC 23,14800.0
VMM 8717,1300.0
VQV87,16800.0
VMV 8663,1300.0
SU 222 Q,14800.0
RBE 9911,3800.0
VQD 6000,4500.0
VMM 7708,1300.0
BSU 2266,3800.0
KA3333,42800.0
PKS 4,44800.0
APK 13,23800.0
VQB 8787,3800.0
VQH 990,3800.0
JYT881,1800.0
VQE 1,375888.0
VMV 8629,1000.0
VMV 2181,1000.0
BMW33,138000.0
DFB 3,98800.0
SJR 311,3300.0
VPB 3133,2300.0
VKY 2553,1000.0
RBE 98,13800.0
JYV500,5900.0
VMM 9144,1300.0
VN1,1485000.0
JFF 88,68800.0
VNJ 8,102888.0
SWN 36,13800.0
BSJ 881,2300.0
R128,51800.0
VMV 9752,1000.0
SJR 119,3300.0
VBK 18,16800.0
SMK 666,19900.0
SJR 993,2800.0
VMV 8913,1000.0
PPD 1,696888.0
PRR 3311,2500.0
APK23,12800.0
JYV 1188,4300.0
VQD 9999,21800.0
G 29 G,39800.0
TDG 2211,3800.0
KE 6788,7900.0
VPS 2233,4500.0
VMN 786,5800.0
D 1616,35800.0
VQF 7070,2800.0
DFP 68,12800.0
ALY61,9888.0
NEG 909,4300.0
SK9888E,2800.0
VQS17,13800.0
WNE 99,44800.0
SP 3333,40800.0
APK66,21800.0
JDM8,238000.0
SWN 1010,5500.0
BSU500,4300.0
CU 330,6800.0
KGF 20,9800.0
AD2228,9800.0
VMV 7686,1000.0
RBE 1133,3800.0
JYV 555,19900.0
SB 442 K,3900.0
MM 341,7800.0
VMM 9263,1300.0
BHT 2,118000.0
JVJ 9,302888.0
SJR 22,20300.0
VMK 2238,1200.0
PSD 666,14800.0
MU 955,10800.0
NEK 6000,3300.0
QBJ 27,10800.0
TU 88,209800.0
SU99Q,23800.0
VMV 3596,1000.0
VPD 31,16800.0
VMV 470,1300.0
VQT 6868,5500.0
WSD 7887,4900.0
VMV 9297,1000.0
PRQ 688,4800.0
CEN 28,22800.0
VMV 1308,1600.0
VLY 99,44800.0
TDF 13,18900.0
PSD 339,2900.0
VQD 177,3500.0
FFF 35,59800.0
BRY 9229,2800.0
VMV 1106,1600.0
VPC 32,11800.0
QM 63 U,12800.0
VMV 8861,1000.0
KGF 883,3300.0
NR111,50800.0
JX 67,73800.0
VMV 3061,1000.0
QS 11 V,24800.0
VKH 12,22800.0
VMV 170,1600.0
BSD 292,2800.0
VQS 55,39800.0
APD 9933,3500.0
K9319,38800.0
VMJ 37,9800.0
APK 91,8800.0
PSD 119,3300.0
JYS 797,5000.0
NEF 83,11800.0
BSU8181,3800.0
VMM 9323,1300.0
VMV 570,1600.0
VMW 3133,2500.0
VMV 5672,1000.0
APK 338,3300.0
KB 991,16800.0
APG 1717,3800.0
SJM 46,9800.0
TDB 8,116888.0
VQA 1118,4800.0
QDC 1111,11800.0
DFP 81,9300.0
KGF 998,3300.0
SMU 2727,4500.0
VMC 1800,1300.0
PHE 3,89800.0
VQS 19,19300.0
VMM 9161,1300.0
TDG7777,10800.0
VMM 8295,1300.0
PRR 767,2500.0
BSP 1221,3800.0
PQK 43,6800.0
QAA7E,49000.0
BPQ228,2800.0
BSU 8899,4900.0
VQU 2882,3800.0
VMV 6318,1000.0
DFP 39,8800.0
KGF 988,3800.0
VMV 6189,1000.0
BSL336,3500.0
MC 819,6600.0
SJR 26,17900.0
RBE 1199,3800.0
VQU 777,21800.0
VPB 7788,2500.0
APL35,8800.0
TDG8998,3800.0
VLD 501,1300.0
APD 178,3500.0
VMM 7494,1300.0
SJM 57,9800.0
VMV 3404,1000.0
VMM 8727,1300.0
VMV 6230,1000.0
KGF 866,3300.0
PSD 72,9800.0
APJ 88,31800.0
JUD 730,2200.0
APC 1717,3800.0
VQA 7373,3800.0
AJY 99,39800.0
VMS 2500,1000.0
SWD222,15800.0
DFB 888,138000.0
CL 505,16800.0
MP 9992,8900.0
Q 58,178000.0
A 9451 A,3000.0
VPB 7337,2500.0
SU 555 Q,8800.0
F72,268000.0
BSN 911,5800.0
APG 8383,3800.0
JJX 4449,4800.0
JBG 39,13900.0
KGD5,88999.0
MF 82,49800.0
QBJ 50,9900.0
VPS 1771,3800.0
VQJ 42,8800.0
VMV 5812,1000.0
VMV 1521,1000.0
WFR 88,39800.0
KGF 555,11300.0
CS8888,68800.0
RBA 26,16800.0
SP 3773,5500.0
RBA 20,12800.0
KFG 6,79800.0
VPD 7000,2500.0
EV 3366,6800.0
APC 373,3800.0
VMV 879,1600.0
TDG9898,3800.0
JXJ6668,5800.0
VKY 2332,2800.0
APD 600,3800.0
DFF 636,2800.0
A 44 A,218800.0
VKU 29,12800.0
RBE 20,13900.0
DT 4,259800.0
VPC 8288,2500.0
VMV 562,1600.0
APK26,10800.0
FH 1133,9800.0
SJR 53,7800.0
BSN 223,3500.0
VMV 1356,1000.0
PLG 19,28800.0
CFF 1668,6300.0
APB 9966,4300.0
SP 9191,9800.0
PQS 77,29800.0
APK 2288,3300.0
ADL 3,103800.0
MK 728,9700.0
BSD 9998,2800.0
VPF 211,2500.0
QRU 35,10800.0
VJQ 353,4800.0
WJH 80,8800.0
VMV 8584,1000.0
VQJ 9119,4300.0
APK 933,2900.0
ANU 7007,2800.0
VQU 1688,4300.0
BHF 9,128000.0
VMV 1498,1000.0
VPS 7117,3800.0
KGF 333,15300.0
VMB 3366,2800.0
VQT 668,5800.0
VQU6666,12800.0
UTM 81,16800.0
VAJ 5555,12800.0
VPN 388,5500.0
QQ 9398,9800.0
VMV 7002,1300.0
W58R,18800.0
APK 83,8800.0
VQU 6666,12800.0
VMV 2024,1000.0
VQU 9998,4300.0
APD 711,3800.0
BSS 111,32800.0
APG 8686,4300.0
RBE 79,9900.0
JVK32,9800.0
VQF 1818,6300.0
VQU 78,11800.0
KGF 400,3300.0
VMM 8771,1300.0
QBJ1111,9800.0
VMY 366,2500.0
VPG 2,118000.0
VQU 7117,2500.0
JYA 999,28800.0
VQR 8338,4800.0
APG 822,3500.0
SWR 666,12300.0
VMV 4949,2500.0
ANP600,2900.0
BSU 70,8800.0
SJ 717,6800.0
VMV 413,1300.0
NEK86,12800.0
VQA 7,98800.0
JVW 6,139800.0
WEF 6,89800.0
VNX 8886,3800.0
NEH 118,9800.0
VQB 996,5500.0
BSU 3003,3800.0
VQM 7373,2500.0
KGF 966,3300.0
VMV 1582,1000.0
DEF 6611,3888.0
BCS 4,48800.0
BSU 787,3800.0
TDG18,17800.0
VPN 899,5800.0
VA 338,16800.0
VQ99,199000.0
FH 3311,8800.0
VMV 7559,1000.0
VPA 3003,2500.0
SP 3323,5500.0
APD 5000,3800.0
DFF 9339,2800.0
RAN 2,138800.0
CCA 11,58800.0
APG 2223,3500.0
VPW 63,14900.0
SJR 116,2900.0
RBD 93,11800.0
PRF 50,8800.0
VCV 4444,7500.0
BSL989,3800.0
RBE 9339,3800.0
VQA 959,3800.0
VQB 6699,3800.0
APK 2828,3300.0
JJB 11,138800.0
FH 766,9999.0
JYV 199,3800.0
BSD 8383,2800.0
VPT 5005,3800.0
VQK 238,3800.0
JW 3338,16800.0
VPD 1551,2500.0
JYU 8889,3800.0
JRH 838,4300.0
APB 26,14800.0
VQV 39,17800.0
VIP 3149,3000.0
JYU 6000,3800.0
VNT 83,10300.0
CFD 118,8800.0
VQT 9999,16800.0
APC 969,3800.0
VMV 2398,1000.0
APK 1118,3800.0
VQQ 32,15800.0
VMW 977,1600.0
VPW 3366,3000.0
APK 116,2900.0
VMV 4700,1000.0
VQA 66,30800.0
D52,218000.0
PGH 9,128800.0
VPT 228,5800.0
BSJ 6996,2500.0
SMB111,14900.0
APG 6336,3800.0
VMV 8755,1000.0
QRW 7,96800.0
VMV 7503,1000.0
PRQ 118,9800.0
JYV 88,52800.0
APK 828,3800.0
JWP 96,24800.0
WDU 70,7800.0
VMV 9114,1000.0
PRS7777,8800.0
VMR 488,2800.0
RBE9911,3800.0
VMV 7058,1000.0
VMV 529,1600.0
X89,388000.0
UQ 2,388000.0
PLJ 9,119888.0
QDC 11,32800.0
VQF 35,12800.0
KGF 126,2900.0
VQU 55,21800.0
VMV 1343,1000.0
BSP 899,4800.0
APK 30,9300.0
VQD 6262,3800.0
ADL 7,139800.0
ADH 45,9800.0
TBA 333,13300.0
VMV 386,1600.0
VPS 8833,3800.0
BSU 800,4500.0
VQF 939,3800.0
VQT 37,10800.0
VQS 5555,19800.0
VMV 8611,1000.0
PES 417,10800.0
ALG 55,31800.0
VMT 9993,2500.0
MDW 42,7800.0
VQU 737,4800.0
CEC126,7800.0
PSD 22,23800.0
BSH 8999,3800.0
KGD 6,88800.0
APD 1616,3800.0
BSU 9998,3800.0
BSR 1133,4300.0
BSJ 300,2500.0
PSD 6668,2800.0
VMT 3228,2500.0
JYV29,13800.0
JYC 6611,3388.0
SJ 555,55800.0
JYV 805,3800.0
WGL 18,28800.0
VNQ 6800,1000.0
TDE 228,4300.0
VMV 3808,1200.0
VIPS 999,38800.0
JYU 686,4300.0
WAF 99,53800.0
VMV 9973,1000.0
VMV 5538,1000.0
BSS 686,11800.0
VMM 7759,1300.0
DFD 2882,4500.0
SJR 73,8300.0
VPP 898,5500.0
VMV 1941,1000.0
VMV 7787,1600.0
BSJ 272,2500.0
VQS 9998,3300.0
TD 63,78800.0
VMV 7186,1000.0
JTB555,16800.0
WJB999,23000.0
VPB 919,4500.0
SJR89,9800.0
BSH 28,23800.0
VQB 212,4500.0
VMK 8999,3500.0
WC 15 M,13800.0
VQS 26,17800.0
NEH 87,10800.0
VMV 935,1600.0
NEJ 38,12800.0
JYV 2233,3300.0
AMK 403,3900.0
KS 3188,8500.0
RBE 32,13900.0
JBA 53,13900.0
APF 1313,6800.0
VMM 8669,1300.0
BSP 3773,3800.0
NAC 8,98800.0
VQR 2000,4300.0
APC 3377,3800.0
BRY 8880,2500.0
FH 108,19800.0
SJR 39,9800.0
VNW 3993,2800.0
VQU 2255,3800.0
WCC28,38888.0
RBD 292,3800.0
QBJ 1313,5800.0
VBX 9898,3300.0
FH 747,6800.0
DFP 9696,3800.0
TDD 8686,6800.0
VMV 2256,1000.0
GM 131,12800.0
VMM 9139,1600.0
MC 2211,9300.0
VND 109,1600.0
VL 878,6800.0
VQU 68,17800.0
NEK 228,4300.0
VMM 9003,1300.0
VBW 2222,14800.0
VQL 76,10800.0
RBA 30,9300.0
NEJ 3388,3800.0
T10,988000.0
VMV 8812,1000.0
KDK 9,299800.0
ANX 1688,3800.0
VQU 9339,4300.0
VPN 883,3800.0
JCQ 3,238800.0
BSD 8998,2800.0
APD 288,6300.0
PSD 91,9800.0
SJL 98,14800.0
BPM 1,468800.0
QBJ 33,33800.0
JYV16,14800.0
VMV 1861,1000.0
VMV 9681,1000.0
SU 999 Q,14800.0
VMM 8101,1300.0
VMV 5351,1000.0
APK 989,3300.0
VLR 123,5800.0
NEK 1188,3800.0
MED 98,13800.0
KBA 8,108800.0
AMH33,29300.0
VMM 9409,1300.0
BSH 6161,3800.0
TU 1511,7900.0
TDG 8988,3800.0
VPS 2223,3800.0
KGF 282,3300.0
APD 3838,3800.0
VQS 300,4300.0
BSG 318,2300.0
PRS555,23800.0
VMV 5544,2500.0
SMP3,83800.0
GM 155,17800.0
VPA 3228,2300.0
QCV 15,16800.0
VMV 3148,1000.0
QRW 18,20900.0
JJR111,42800.0
KGF 9696,3300.0
Q 583,23800.0
VQS 228,4300.0
F 73,178800.0
VMV 4067,1000.0
VMV 5300,1000.0
KGF 168,5300.0
FH 8811,9900.0
VMM 8852,1300.0
VQS 37,9800.0
PRY 89,11800.0
VND 7070,2800.0
V 94,188000.0
JQ2368,3900.0
VPE 938,2500.0
PSD 999,21300.0
JSN 999,28800.0
APK 8999,3300.0
BSP 2,108000.0
CH 12,79800.0
GOLD 36,89800.0
KFK 3000,3800.0
DDH 4,45800.0
PRP 3366,2800.0
WJW 3,198800.0
PLR61,9999.0
KEV520,5800.0
SJ213,5900.0
VQU2255,3800.0
APG 787,3800.0
VEW 93,13800.0
SJR 233,2900.0
VMV 407,1000.0
VKB 81,10800.0
JND 99,59800.0
NCT 87,16800.0
VQS 11,35800.0
JYA 92,9800.0
VNE 633,2500.0
BSE 6969,2800.0
VMV 3232,3300.0
CFC 7,158800.0
FG 29,55800.0
VQQ80,18800.0
QM 16 U,12800.0
VPU 2000,3300.0
NEJ 777,19800.0
BSH 9292,2500.0
NCF 777,14800.0
VMV 7770,1600.0
PKD 33,25000.0
VNV 166,4300.0
VQD 882,3800.0
JAY 1217,3300.0
ME 6333,5888.0
Y 36,299800.0
VMR 8383,2800.0
WEN 11,113800.0
TH 700,21800.0
VPG 7373,2500.0
RBD 6886,3800.0
QM 222 H,11900.0
BSP 4444,8800.0
SMV32,10800.0
VMV 7500,1200.0
VMM 4888,1600.0
VMR 255,2800.0
JBP 25,13900.0
VNC 977,1600.0
APH 13,23800.0
VMV 7571,1000.0
DFF 1288,2300.0
VMP 380,1600.0
VPA 999,23800.0
ANU 2228,1900.0
CFF 85,14800.0
VPQ 44,13800.0
JYV 82,9800.0
RBB 101,8800.0
BSP 988,4800.0
VQP 212,4500.0
VMV 8955,1000.0
VKY 2417,1000.0
VMY 616,3500.0
VQU 2727,4500.0
SJR 777,18800.0
JJU 8,212888.0
VPG 8111,3800.0
BSP 8008,3800.0
VPL 73,8300.0
JXH 6611,4588.0
SJR 166,2900.0
LG 9966,11800.0
VQQ 959,5300.0
BSP 328,3800.0
NAA 78,39800.0
QS7F,57000.0
APK 990,2900.0
VQH 838,5800.0
MDY 1,398800.0
VMV 4260,1000.0
VMV 6133,1300.0
CU 383,7800.0
VMM 7811,1300.0
WFF 58,14800.0
QM3 U,65800.0
VQD 2020,3800.0
AMB 9,139888.0
BSL366,3500.0
VPN 98,15800.0
NEJ 33,33800.0
SK 93,45800.0
PKA 83,10900.0
A9991A,9800.0
TDG 22,25800.0
VMV 3258,1000.0
KGF 18,20800.0
VMV 5224,1000.0
ND 86,73800.0
JH 8181,19800.0
KCK 37,13000.0
TDG26,10800.0
BSR 2888,4300.0
PJB63,12999.0
ANY1000,4800.0
AMH13,19300.0
SMV 55,23800.0
JYN 88,49800.0
SJK 9,132888.0
SJL 32,10800.0
JYG 37,8300.0
VMV 4557,1000.0
VQT 39,8800.0
VPB 500,5500.0
BSP 2233,4300.0
VKY 2022,1300.0
QBJ 83,10900.0
MEE92,16800.0
PRV 1919,4300.0
VMM 7222,1600.0
VPD 77,31800.0
PSD 9966,3300.0
MDM 8888,20800.0
APG 727,4300.0
VMM 7776,1300.0
TDG 9898,3800.0
TQ 828,16500.0
TCS 8787,4888.0
BSU 79,10800.0
WQC 8,108000.0
VQD 3,118000.0
FH 2828,16800.0
PRP 163,2300.0
SU 9999 Q,11800.0
QMS 66,26800.0
VMV 7055,1000.0
SP 9229,6500.0
VKN 81,10800.0
QBJ 92,9900.0
W 26 R,39800.0
VQS 16,14800.0
VMM 8548,1300.0
BSU 8,108000.0
QCC9,260700.0
VPQ 5000,4500.0
VNV 1881,5300.0
BSU 9988,4800.0
VQD 6888,4500.0
JVP 8,228800.0
WNQ 1,468800.0
VQB 28,23800.0
VMV 1689,1000.0
BSU 828,5800.0
VMC 331,1900.0
VNF 2238,1200.0
APK 788,2900.0
WLY 13,27800.0
QBJ 99,32800.0
JYU33,32800.0
PSD 21,12800.0
SJL 84,7800.0
ADN 8,129888.0
VGM 5999,1300.0
FH 118,18800.0
KGB 1919,3800.0
PNU 80,11800.0
SU 100 Q,6800.0
DFF 8868,2800.0
VMV 9922,2800.0
JM 728,7700.0
VDJ 2828,4300.0
QBJ 15,11800.0
DCP 10,37800.0
MDW 72,10800.0
VQK 1919,4300.0
RBA 5555,10800.0
VQB 90,12800.0
VMV 473,1300.0
BSB 3311,3300.0
SWH 30,11800.0
VMV 3328,1300.0
SU77Q,17800.0
VMV 4889,1000.0
AFR333,16800.0
PSD55,18800.0
TD 899,9700.0
RBE 9000,3800.0
VMV 186,1900.0
APJ 77,23800.0
BSP 883,3800.0
MR 331,26800.0
AEA 82,12800.0
NEK 123,4800.0
VQH 8383,3800.0
VQS 20,11300.0
APK 3000,3300.0
QDA 79,8800.0
SMV33,26800.0
VPH 686,2300.0
MDW 37,9800.0
QS 911 U,4800.0
VPB 2929,2800.0
WYB 83,15800.0
WDD7,228800.0
APC 11,29800.0
WC 96 Y,15800.0
PSD 57,7300.0
DFJ 999,14900.0
BSP 898,4800.0
DER 17,26800.0
VNV 1369,1000.0
NDU96,14800.0
VQK 1133,4300.0
PSD 79,7800.0
VIPS 196,3800.0
TCH 1333,2300.0
ANF 63,14800.0
VPT 5115,3800.0
SU19Q,12800.0
VMF 8628,1300.0
CAT13,68000.0
PPM 8888,19800.0
APK 331,3300.0
VKY 2696,1000.0
SMV 30,13900.0
NEK 3000,3300.0
VQV 128,6800.0
VMV 6909,1000.0
PSD8888,15800.0
BSU 9191,3800.0
VMK 8638,1200.0
SU 70 Q,10800.0
RBE 268,3800.0
VPN 707,4300.0
VMV 7475,1000.0
BRY 595,2800.0
APD 2332,3800.0
VQU 8228,4500.0
BSP 6666,14800.0
NBS 888,29900.0
SWR 8888,20800.0
KN 778,6800.0
QAB7B,49000.0
SD999,59800.0
VQS 6666,12800.0
VQJ 8055,5500.0
VPB 1888,4800.0
VQA 3,118800.0
CK 808,29800.0
SJM28,17800.0
BSH 9888,2800.0
JYS 9000,5300.0
NEK 188,4800.0
VQV 2,199000.0
PPP 1995,2800.0
TJ6611,9800.0
DEP 83,10800.0
RBE 12,20800.0
SJR 80,9800.0
TDG2211,3800.0
VQA 2223,3500.0
JYV 966,3800.0
CAC 18,38800.0
SJR 9888,3300.0
KGF 9898,3300.0
BSH 2020,2500.0
VGE 660,3388.0
JXB 8888,26800.0
VMV 9991,1900.0
BSU 6668,3800.0
VQG 9009,3800.0
VMV 344,1600.0
AMW 6611,3888.0
VKY 2088,1300.0
KGF 331,3300.0
PSD 26,13800.0
ALC 55,26900.0
VQU 8999,4500.0
JYK 228,7300.0
RBE 2828,5300.0
APK 65,7300.0
BRL 46,8800.0
VMV 205,1600.0
VQU 8998,4500.0
A 24 A,38800.0
VQD 10,28800.0
BLA 8,116888.0
VMV 902,1600.0
R 8828,29800.0
PBH 9,148000.0
NAA 520,7500.0
QDC 56,6800.0
BSH 8822,3800.0
VPC 8877,2800.0
VQG 3388,4800.0
QS 3 J,64888.0
VMV 8782,1000.0
VLP 19,23900.0
RBE 737,4300.0
WYV 75,9900.0
VMM 9173,1300.0
APK 669,2900.0
VQU 21,13800.0
KGF 933,2900.0
VLV 3,199000.0
BSU 7227,3500.0
CDD6,138000.0
VMV 291,1600.0
KGF 90,8800.0
VQ 65,39800.0
SJR 200,3800.0
BDW 6,83802.0
DFF 737,3300.0
VQP 8889,3800.0
VCQ 8638,1200.0
MG78,39800.0
VMS 3377,2800.0
VMM 9325,1300.0
RBE 800,4300.0
APK 92,7800.0
VFR 71,7300.0
BDS 9,231888.0
VMV 5180,1000.0
BSP 118,9800.0
BST 68,17900.0
VMV 3002,1000.0
APL 101,5900.0
VMV 3876,1000.0
CCC 8181,23800.0
KGF 833,3300.0
FG 1133,7800.0
VQH 117,4500.0
JH 3311,19800.0
JYV 29,13800.0
VQU 868,5500.0
ANY 959,3800.0
VE 43,38800.0
SJR 339,2900.0
VMV 3166,1300.0
RBE 49,7800.0
BSU 66,22300.0
VQG 1113,4300.0
RBE 91,12900.0
BSP 88,39800.0
BSU91,11800.0
VDN 1208,1000.0
JXQ 6611,3388.0
KGF 93,8800.0
VQU 626,3800.0
PJP 1,455888.0
VQS89,10800.0
PEY 8,92888.0
VQJ 238,3500.0
VQU 3,105000.0
VPQ 6333,3500.0
VQB 35,9800.0
VPQ 9191,4500.0
VMR 1809,1000.0
VMV 7479,1000.0
JNE11,56800.0
SJR 2828,3300.0
A 9991 A,9800.0
SMT 51,8800.0
NEK 808,3300.0
VQT6868,5500.0
TX 28,99800.0
BSP 126,4300.0
NEK 818,4300.0
PMF19,16800.0
VMV 1266,1300.0
ALY 43,9800.0
VMM 8682,1300.0
QDC 29,9800.0
VMV 6651,1000.0
VQU 333,17800.0
JYV 688,4800.0
PER666,16800.0
VMV 9238,1000.0
JSH 777,24900.0
VQA 911,6800.0
PSD 199,3300.0
CFD 99,39000.0
PSD 88,38800.0
VPS 8988,3800.0
BCC 6,199800.0
VPA 262,2500.0
UC 65,30800.0
PKB 3,98000.0
VDR 34,9800.0
BSU9191,3800.0
APL 8118,4300.0
L 400,68800.0
BSU38,9800.0
VMV 8667,1000.0
VMM 8099,1300.0
ANU 991,2500.0
NEK 999,22800.0
DDC 8888,29800.0
VMR 501,1300.0
VMS 3355,2800.0
SU 96 Q,15800.0
JWE 5555,14900.0
CFF 62,13800.0
BSP 1515,3800.0
VPD 331,2300.0
KGC 8787,3888.0
SP 3838,7800.0
ANU 9889,2800.0
SJR 10,25800.0
BSP 238,3500.0
VQK 707,4300.0
JYU 13,24900.0
APK 6666,11800.0
VMV 2624,1000.0
VMV 7477,1300.0
WFN 8,159800.0
XOIC 77,43800.0
JYU 828,5900.0
DEP 9696,3800.0
QAB1J,168000.0
VPD 929,2800.0
VQV 32,20900.0
VMV 3802,1000.0
APG 9996,3800.0
VQA 9933,3800.0
SK7C,57000.0
TCG7,85000.0
FD 3491,3000.0
BSU 133,3800.0
SJR 91,9800.0
VMV 5589,1000.0
BSU 8181,3800.0
DS332,9888.0
VMV 2713,1000.0
DFP 26,12300.0
VQU 128,4800.0
VQJ 6668,3800.0
APC 575,3800.0
SP 992,7800.0
RBC 11,28800.0
VPS 9000,4800.0
SP 6622,5500.0
PQP 35,11800.0
VPS 9933,3800.0
VMV 3006,1300.0
VPS 7227,3800.0
SMQ 15,16800.0
VMM 8975,1300.0
VJX 109,1600.0
JYD 444,7300.0
VQU 878,3800.0
JWP 99,51800.0
QBJ 23,16900.0
VQF 7373,2500.0
BSG 3993,2500.0
BSG 9993,2300.0
VQV 61,16900.0
VMM 7474,1300.0
APK 96,15300.0
NBOS 66,66000.0
VNX 1661,3800.0
JJD 77,59800.0
BSG 1551,2500.0
VQA 8282,3800.0
VQD 3773,3800.0
TDG63,14800.0
RBA 9339,3800.0
VIP 589,8900.0
SP 3332,5500.0
KGF 89,9300.0
BSU 6888,3800.0
APD 696,3800.0
DDK 2,178800.0
VKC 4,48800.0
APG 3388,4300.0
VNL 8168,1600.0
VMM 7369,1300.0
RBB 8282,2800.0
ANL 85,8800.0
QS 6 W,68800.0
DFN 38,12800.0
JYV 116,3300.0
VEU 1991,6000.0
RBE 1688,4300.0
AMU 96,19800.0
VQA 268,3800.0
SIS 8898,9900.0
JYE1881,3800.0
VQS 9988,3300.0
FH 1881,9800.0
VMV 7882,1000.0
VQS 555,26800.0
VMV 1819,1000.0
JYU 3333,11800.0
VMV 5461,1000.0
AMY 8808,16800.0
VPB 848,2500.0
WWJ 3,228000.0
APD 42,8800.0
VMV 7424,1000.0
APK 8889,2900.0
QRL 22,19300.0
VMV 8539,1000.0
FH 9992,4800.0
VNW 9333,4388.0
TS733,10900.0
AKD 38,11800.0
NEK 900,3800.0
APD 6969,3800.0
SMU 74,7800.0
SU 34 Q,7800.0
VPB 2222,11800.0
JYU 27,16800.0
RBE 83,11900.0
KGF 54,6800.0
SJR 888,24800.0
VIP 4844,4800.0
ANU 1,468800.0
VN 585,16800.0
VMV 1972,1000.0
VNF 8228,3800.0
SMU 882,2988.0
DFP6868,4900.0
BSN 889,3800.0
DFF 676,2800.0
VMV 2627,1000.0
VMM 7766,2500.0
QQ 3883,23800.0
VMV 3999,1900.0
D6336,31800.0
VMV 5911,1000.0
DQ 2222,32800.0
TDG88,31800.0
MK 50,48800.0
VQQ 84,19800.0
PSD 990,2900.0
VPS 9333,3500.0
WYG 8833,1600.0
BSE 9898,2800.0
JVU 43,7800.0
KFM 53,6800.0
QM 889 U,4300.0
VMM 8484,2500.0
APD 181,4500.0
VQR 2688,3800.0
VQA 323,4800.0
RBA 2222,10800.0
VNT 181,3300.0
JYU 4444,7300.0
FH 989,19800.0
KFR 8,96888.0
KS 502,6600.0
WRK 8,129800.0
VQU 2299,3800.0
PSC 26,16800.0
VPH 1331,2800.0
WCJ 777,20800.0
A 16 A,138800.0
VQC 90,12800.0
SJR 8899,3300.0
BS 5555,78800.0
BSH 52,8800.0
VMV 7455,1000.0
VMV 9881,1300.0
VLU 55,26800.0
SYX 8,129800.0
JUW52,8800.0
APK 39,9800.0
VMM 9230,1600.0
DFP 1111,10800.0
PSD 3333,11800.0
VMV 2255,2800.0
VQF 6969,3800.0
VKY 2263,1300.0
APC 1112,3500.0
FH 16,189999.0
VMM 7221,1300.0
RBA 555,16800.0
VQU 788,3500.0
SP 3366,6300.0
BSA 110,2800.0
VQK 6996,3800.0
VQV 13,46800.0
CCG4,88000.0
VMV 637,1600.0
RR 4646,28800.0
WRR 111,28800.0
APD 202,3800.0
VMV 1987,1300.0
KGA 72,10800.0
JDJ55,58800.0
JYV 67,8800.0
VNG 6800,1000.0
VCQ 8,109800.0
JQM 36,15800.0
KGD 7,88800.0
JYU 50,10300.0
PQM 25,9800.0
CFE 8888,19800.0
VMR 9229,2800.0
VMU 7117,2500.0
VPA 1080,1000.0
CES111,12800.0
VMM 8863,1600.0
VMM 7721,1300.0
VMV 2131,1000.0
NEF 97,7800.0
JQU 69,20800.0
NEK 1888,3800.0
NEH 2727,4500.0
VR1,1485000.0
VMV 2922,1600.0
TDG 8998,3800.0
SJR 988,3800.0
SYW 28,20800.0
FH 3322,8800.0
VMV 4992,1000.0
BRY 166,3800.0
RBA 38,9800.0
PME6,77000.0
VMM 7783,1300.0
VMV 1905,1000.0
VQM 8080,4300.0
AMH 7,85000.0
BSH 6116,2500.0
BSU 8282,3800.0
APD 9119,3800.0
SYY 77,59800.0
VJS 81,10800.0
PSD 27,13300.0
FD46,28800.0
VMM 7205,1300.0
VMV 3161,1000.0
BSP 919,4800.0
JYU 10,38800.0
FH 22,128800.0
PSD 23,17900.0
PSA 9969,4800.0
JYV1111,11900.0
APD 338,3800.0
TCX 900,4900.0
APK 2323,3300.0
SU 13 Q,12800.0
VQP2288,6800.0
VML 148,1200.0
PP 111,258800.0
APD6,73500.0
PSD 62,6800.0
DFF 1668,2300.0
VNW 2226,2300.0
VMM 8330,1300.0
QLE 21,15800.0
JYF 77,39800.0
BSP 8833,3800.0
VMV 7866,1000.0
SJM 69,14800.0
JNF222,11800.0
NEK 988,3800.0
VPP 878,4800.0
BSH 886,3500.0
VMV 8116,1000.0
VQS 2626,4800.0
BSG 1991,2800.0
VMV 1298,1000.0
VMV 2161,1000.0
VMV 1962,1000.0
BBP22,42000.0
JXN 9,152888.0
VDL 7777,19800.0
ABW 8055,18000.0
VMV 4973,1000.0
VMV 7372,1000.0
VMM 9431,1300.0
DFP 28,16300.0
VMM 7204,1300.0
VPA 223,3800.0
BST98,10798.0
QM 10 U,25800.0
BSU 1717,3800.0
VMV 6726,1000.0
SJR 29,9800.0
APK 16,13300.0
RAY 1133,6900.0
R 8765,26800.0
VPB 7997,2500.0
BSS 22,55800.0
BSF 8828,5300.0
APK 633,2900.0
JES 1111,58800.0
VQS 838,5300.0
VQU 6868,4500.0
VKT 58,7800.0
JYV 7777,13800.0
VNT 881,2500.0
VQT 2888,5800.0
BPC118,6800.0
VMV 725,1600.0
VMV 8147,1000.0
VPA 9889,2800.0
VQB 2020,3800.0
VQA 9333,3500.0
VMV 613,1600.0
KGF 166,2900.0
RBA 788,2500.0
CR 25,53800.0
VJP 3,128000.0
QL 316,8800.0
AAB 666,29800.0
DET 57,19800.0
VMV 3411,1000.0
FH 211,8800.0
WRA80,11800.0
MK 2188,6300.0
VPG 1010,5800.0
VMV 9923,1300.0
BSP 700,4300.0
QD 57,30800.0
VQH 9393,4300.0
NEJ 27,15800.0
VQU 31,11300.0
VMV 1609,1000.0
JWE 6611,3388.0
ANU 7878,2800.0
SD 660 U,3888.0
QBJ 6868,4800.0
VMV 3121,1000.0
PDJ 20,10000.0
APG 34,7800.0
VMV 7725,1000.0
VNM 7111,1600.0
VPD 5555,11800.0
VNX 373,3800.0
TA9888,14800.0
JYV 3131,3300.0
VQT 20,12800.0
CEN 20,14800.0
VPG 2688,3800.0
BSP 8898,3800.0
NEK 668,3800.0
JYV 828,4300.0
NEK 838,3300.0
WFW 82,21800.0
VQF 3131,4300.0
BSL1212,4800.0
VQT 66,30800.0
RBA 1313,6800.0
BSK 98,14800.0
CDS 6,83800.0
VPP 9,268000.0
SJR 1818,3800.0
APK31,9800.0
VMV 9558,1000.0
VMV 8481,1000.0
KGF 123,4300.0
RBE 63,13900.0
RBE9000,3800.0
DFL 548,3900.0
BSP 74,7800.0
AJC12,13800.0
QLG 8686,4800.0
DFP 3333,9300.0
JPR9,198000.0
QD 24,38800.0
VMV 6411,1000.0
NEK 66,28800.0
VMV 2109,1000.0
NEK 388,3800.0
VQL 1288,3800.0
M 1818,63800.0
JYD 6611,3388.0
SJR 3,108000.0
BSL1616,4300.0
WYA 62,8800.0
FH 6060,6800.0
VKE 169,1300.0
VQJ 62,8800.0
VPB 151,3800.0
VQU 6262,3800.0
JXL 6611,3388.0
VJK 4,48800.0
E 46,198800.0
WS 1000,26800.0
KH1,1880000.0
DFP 25,8300.0
VMV 2389,1000.0
FH 128,16800.0
VQV 9988,4800.0
BSJ 1122,2500.0
KS 890,6300.0
CFA7,93999.0
APG 8883,3500.0
BSB55,48800.0
CES 17,22800.0
VMV 9004,1000.0
CBF 288,4388.0
QCV 80,11800.0
APK 8899,3300.0
BSL686,3800.0
DFF 252,2500.0
VQV 77,55800.0
BQB 666,22888.0
BSS113,11800.0
TCS 444,6800.0
MDM 11,68800.0
BSG 866,2300.0
PSB 16,16800.0
QRV 13,19800.0
VMM 9597,1300.0
TDG 31,10800.0
SMQ9,140700.0
VQP 94,9800.0
VQU6262,3800.0
VQJ 31,17800.0
VQU 73,9800.0
JAM 6969,3500.0
F 65,198000.0
VQV 87,16800.0
PRY 96,19800.0
VLE 1809,1000.0
RW 2,439800.0
BSP 333,22800.0
TDG 63,14800.0
VPQ 8111,3500.0
VMM 8622,1300.0
QAA7C,49000.0
VMV 6566,1600.0
WRV 123,8900.0
M 4519 M,3000.0
JYV 17,15300.0
BEY 96,99800.0
TDD 33,83800.0
ALS 8,128000.0
VME 3737,2500.0
SJR 686,3300.0
RBD 303,3800.0
BST666,12999.0
VPT 998,4500.0
VQP 19,22800.0
VEB 888,27800.0
BSR 72,12800.0
SP 3377,6300.0
VKY 2805,1000.0
JSB 779,4300.0
BST 19,20800.0
VQA 91,13800.0
MDV 17,16800.0
BSE 155,2500.0
VMV 9492,1000.0
VQP 7117,4300.0
BSD 7,88666.0
QAA7F,49000.0
PKK 212,4300.0
MM 590,7800.0
VMV 2359,1000.0
SMV3333,10800.0
VMV 2725,1000.0
VPP 787,4800.0
RBE 8888,14800.0
VQT 82,12800.0
BSU 9888,3800.0
VQU 881,3500.0
VKY 2475,1000.0
TDE6,93999.0
CFC 23,25800.0
SP 6868,12800.0
BSH 2299,2500.0
VMV 6667,1600.0
DCR 3333,11000.0
