"numberplate-search__image-text","mb-0"
"VPA 6363","RM 3,800"
"VPA 223","RM 3,800"
"VNT 8558","RM 2,800"
"BSP 988","RM 4,800"
"VQA 268","RM 3,800"
"VMY 616","RM 3,500"
"EV 3366","RM 6,800"
"WMA 4","RM 49,800"
"EV 6966","RM 5,800"
"VPB 1888","RM 4,800"
"TDE 228","RM 4,300"
"BSP 1515","RM 3,800"
"JYA 92","RM 9,800"
"VPD 505","RM 3,800"
"VPB 919","RM 4,500"
"TDE 126","RM 4,300"
"PSC 26","RM 16,800"
"VMY 366","RM 2,500"
"VNT 3888","RM 2,800"
"SMU 74","RM 7,800"
"VNT 9595","RM 2,800"
"VQA 91","RM 13,800"
"VMT 3228","RM 2,500"
"VNT 8228","RM 2,800"
"VQA 959","RM 3,800"
"PRV 39","RM 12,800"
"VMW 3133","RM 2,500"
"BSP 2233","RM 4,300"
"BSP 1221","RM 3,800"
"VMW 2332","RM 2,800"
"EV 6866","RM 5,800"
"SJ 717","RM 6,800"
"TDE 1717","RM 3,800"
"VQA 1118","RM 4,800"
"VQP 94","RM 9,800"
"VPB 2222","RM 11,800"
"VQA 911","RM 6,800"
"BSA 8686","RM 2,800"
"VQP 8889","RM 3,800"
"BSP 1919","RM 4,300"
"VQA 2223","RM 3,500"
"SMU 2727","RM 4,500"
"SJL 84","RM 7,800"
"PRV 818","RM 5,500"
"VNG 108","RM 2,800"
"APD 163","RM 3,500"
"QS 6 W","RM 68,800"
"WQC 8","RM 108,000"
"SMT 118","RM 10,800"
"KGB 19","RM 18,800"
"APD 42","RM 8,800"
"VPN 811","RM 4,300"
"VPB 47","RM 8,800"
"VPA 7007","RM 3,800"
"VPN 388","RM 5,500"
"PRV 1919","RM 4,300"
"VPN 663","RM 3,800"
"VPN 2","RM 128,000"
"APD 178","RM 3,500"
"BKD 8","RM 108,000"
"VPQ 5000","RM 4,500"
"VNG 108","RM 2,800"
"APD 42","RM 8,800"
"KGB 19","RM 18,800"
"PRV 818","RM 5,500"
"BKD 8","RM 108,000"
"APD 178","RM 3,500"
"VPA 7007","RM 3,800"
"VPB 47","RM 8,800"
"SMT 24","RM 10,800"
"SMT 118","RM 10,800"
"APD 163","RM 3,500"
"VPN 707","RM 4,300"
"PRW 6666","RM 14,800"
"VPB 151","RM 3,800"
"APD 35","RM 11,800"
"VPN 98","RM 15,800"
"VPN 663","RM 3,800"
"PRW 138","RM 4,300"
"KGB 1919","RM 3,800"
"APD 666","RM 17,800"
"QS 6 W","RM 68,800"
"KGB 2323","RM 3,800"
"WQC 8","RM 108,000"
"VPN 388","RM 5,500"
"PRV 1919","RM 4,300"
"VPN 128","RM 5,500"
"VPN 811","RM 4,300"
"SWN 1010","RM 5,500"
"VPR 3388","RM 4,500"
"VQP 212","RM 4,500"
"SMT 51","RM 8,800"
"VPN 2","RM 128,000"
"VPS 12","RM 24,800"
"VPS 2223","RM 3,800"
"VMR 9991","RM 2,800"
"VQD 10","RM 28,800"
"WKD 26","RM 18,800"
"VPS 1771","RM 3,800"
"VPT 5115","RM 3,800"
"QDD 8282","RM 4,800"
"KGD 12","RM 19,800"
"VPS 778","RM 3,800"
"VPS 7117","RM 3,800"
"VMR 1119","RM 3,300"
"MED 98","RM 13,800"
"VMS 3355","RM 2,800"
"VMS 3377","RM 2,800"
"VQD 9898","RM 4,300"
"VQD 6888","RM 4,500"
"VPK 656","RM 3,800"
"DFD 2882","RM 4,500"
"VPD 5555","RM 11,800"
"VPS 200","RM 4,800"
"VPD 31","RM 16,800"
"KGD 7","RM 88,800"
"BSP 2628","RM 4,800"
"ANU 9898","RM 3,300"
"VQD 9999","RM 21,800"
"VQD 6363","RM 4,500"
"VMR 9229","RM 2,800"
"DFD 2882","RM 4,500"
"VPS 3737","RM 3,800"
"VMR 9991","RM 2,800"
"VPD 999","RM 23,800"
"VPS 2223","RM 3,800"
"MED 98","RM 13,800"
"VMR 1119","RM 3,300"
"WKD 26","RM 18,800"
"VMS 3355","RM 2,800"
"VPS 778","RM 3,800"
"VQD 3","RM 118,000"
"VPS 2233","RM 4,500"
"VPK 656","RM 3,800"
"VPS 1110","RM 3,500"
"VPS 12","RM 24,800"
"VPS 1771","RM 3,800"
"VPT 5115","RM 3,800"
"VPS 7117","RM 3,800"
"VQD 10","RM 28,800"
"VMS 3377","RM 2,800"
"VQD 6363","RM 4,500"
"VPN 1116","RM 3,800"
"VQD 2020","RM 3,800"
"VPQ 59","RM 8,800"
"RBD 6886","RM 3,800"
"APD 711","RM 3,800"
"ANU 991","RM 2,500"
"ANU 797","RM 2,800"
"VQD 3773","RM 3,800"
"VPQ 44","RM 13,800"
"BSD 122","RM 2,500"
"APD 696","RM 3,800"
"ANU 1331","RM 2,800"
"A95A","RM 63,800"
"VPP 878","RM 4,800"
"RBD 8989","RM 4,300"
"PRS 95","RM 12,800"
"A9991A","RM 9,800"
"VQD 6262","RM 3,800"
"MK 50","RM 48,800"
"APD 252","RM 3,500"
"VPP 898","RM 5,500"
"VPP 787","RM 4,800"
"BSH 6161","RM 3,800"
"FG 2332","RM 4,500"
"BSH 8822","RM 3,800"
"BSH 6868","RM 4,800"
"BSD 737","RM 2,800"
"VQD 6000","RM 4,500"
"DFF 8868","RM 2,800"
"VQD 882","RM 3,800"
"VQD 900","RM 4,800"
"BSH 8999","RM 3,800"
"VNM 676","RM 2,800"
"APD 288","RM 6,300"
"VPQ 9191","RM 4,500"
"VPN 883","RM 3,800"
"BSD 616","RM 2,800"
"APD 338","RM 3,800"
"VPN 899","RM 5,800"
"RBD 6886","RM 3,800"
"VQD 6262","RM 3,800"
"VQD 882","RM 3,800"
"VPQ 9191","RM 4,500"
"VPP 878","RM 4,800"
"A95A","RM 63,800"
"VQD 177","RM 3,500"
"VNM 676","RM 2,800"
"BSH 8999","RM 3,800"
"VPQ 59","RM 8,800"
"VQD 3773","RM 3,800"
"RBD 181","RM 3,800"
"RBA 20","RM 12,800"
"RBA 34","RM 7,800"
"VPN 7070","RM 3,800"
"VPS 7227","RM 3,800"
"DFF 676","RM 2,800"
"DFF 9339","RM 2,800"
"RBD 292","RM 3,800"
"BSE 8778","RM 2,500"
"DFF 757","RM 2,500"
"DFF 9992","RM 2,300"
"APD 202","RM 3,800"
"DFF 252","RM 2,500"
"RBD 161","RM 3,800"
"DFF 9669","RM 2,800"
"DFF 636","RM 2,800"
"RBA 5555","RM 10,800"
"DFF 3288","RM 2,300"
"NEF 83","RM 11,800"
"BSE 363","RM 2,800"
"VNR 8686","RM 4,300"
"RBD 1177","RM 3,800"
"BSE 6969","RM 2,800"
"DFF 737","RM 3,300"
"RBD 191","RM 3,800"
"RBD 121","RM 3,800"
"APD 515","RM 3,800"
"RBD 93","RM 11,800"
"RBD 966","RM 3,500"
"RBD 3388","RM 4,300"
"DFF 2332","RM 2,500"
"APD 181","RM 4,500"
"APD 600","RM 3,800"
"APD 218","RM 3,500"
"VPN 6388","RM 3,500"
"VPN 8899","RM 4,800"
"RBD 5000","RM 4,300"
"DFF 1668","RM 2,300"
"NEF 8888","RM 20,800"
"DFF 322","RM 2,300"
"RBD 303","RM 3,800"
"BSE 9898","RM 2,800"
"PRP 9339","RM 2,800"
"RBD 3333","RM 13,800"
"DFF 1288","RM 2,300"
"DFF 298","RM 2,300"
"BSP 3773","RM 3,800"
"QBH 8","RM 87,888"
"BSP 8833","RM 3,800"
"VPJ 1","RM 388,000"
"VQB 866","RM 3,800"
"BSP 74","RM 7,800"
"BSL686","RM 3,800"
"BSH 886","RM 3,500"
"VQB 171","RM 4,300"
"ADN 8","RM 129,888"
"BSL628","RM 3,500"
"BSP 8898","RM 3,800"
"VPS 8686","RM 4,800"
"BSP 63","RM 15,800"
"VQH 6868","RM 4,800"
"BSP 5555","RM 11,800"
"KFS 8","RM 88,800"
"BSP 44","RM 13,800"
"BSP 5151","RM 3,800"
"WEF 6","RM 89,800"
"VQB 212","RM 4,500"
"BSP 118","RM 9,800"
"KGD 6","RM 88,800"
"VPS 7272","RM 3,800"
"BSP 35","RM 11,800"
"BSP 73","RM 9,800"
"VQB 616","RM 3,800"
"BSP 38","RM 12,800"
"BSP 6666","RM 14,800"
"BSP 4444","RM 8,800"
"VLU 55","RM 26,800"
"BSP 7","RM 96,800"
"WC 15 M","RM 13,800"
"JJU 8","RM 212,888"
"BSL323","RM 4,800"
"BSP 8889","RM 3,800"
"VCP 88","RM 39,800"
"BSL366","RM 3,500"
"VPT 188","RM 6,800"
"BSP 88","RM 39,800"
"VQH 8383","RM 3,800"
"BSL336","RM 3,500"
"QBH 8","RM 87,888"
"QDD 3663","RM 4,300"
"VPT 9393","RM 4,300"
"VPS 7733","RM 3,800"
"BSL282","RM 3,800"
"BSP 333","RM 22,800"
"BSP 8008","RM 3,800"
"CFD 118","RM 8,800"
"GG 5","RM 788,000"
"SMU 882","RM 2,988"
"BSH 8882","RM 2,500"
"VPA 1168","RM 2,500"
"VQB 90","RM 12,800"
"VPB 2929","RM 2,800"
"FG 2233","RM 8,800"
"ANH 999","RM 21,800"
"BU 5","RM 788,000"
"CFE 8888","RM 19,800"
"WXX 660","RM 5,888"
"BSH 9888","RM 2,800"
"BSH 9888","RM 2,800"
"FG 2233","RM 8,800"
"ANH 999","RM 21,800"
"CFE 99","RM 39,800"
"KFU 72","RM 9,800"
"BSH 9292","RM 2,500"
"BSH 8882","RM 2,500"
"BU 5","RM 788,000"
"GG 5","RM 788,000"
"VMA 52","RM 7,800"
"FG 29","RM 55,800"
"VQB 24","RM 10,800"
"BSH 6116","RM 2,500"
"WXX 660","RM 5,888"
"VPB 2929","RM 2,800"
"CFE 8888","RM 19,800"
"BCA 1","RM 488,000"
"A 9991 A","RM 9,800"
"VPA 1168","RM 2,500"
"MDW 48","RM 7,800"
"CFE 96","RM 17,800"
"QDA 79","RM 8,800"
"ANL 85","RM 8,800"
"VPA 3228","RM 2,300"
"CFE 2222","RM 10,800"
"SMU 882","RM 2,988"
"VEC 229","RM 2,388"
"PRG 28","RM 21,800"
"ANX 2882","RM 2,500"
"PRR 3311","RM 2,500"
"SP 97","RM 42,800"
"KFP 59","RM 6,800"
"APF 16","RM 16,800"
"VQB 90","RM 12,800"
"CFE 93","RM 11,800"
"VPB 1117","RM 2,800"
"VQB 28","RM 23,800"
"ANB 59","RM 7,800"
"MDV 96","RM 18,800"
"KFK 84","RM 7,800"
"VPD 331","RM 2,300"
"VQR 8338","RM 4,800"
"BRH 75","RM 7,800"
"QRX 8118","RM 4,300"
"VQR 2000","RM 4,300"
"VQR 6969","RM 3,800"
"VPP 202","RM 4,300"
"VMR 8882","RM 2,800"
"QRX 333","RM 22,800"
"SJM 69","RM 14,800"
"MDU 67","RM 6,800"
"VLR 123","RM 5,800"
"VGS 31","RM 18,800"
"VQR 13","RM 25,800"
"RBE 7227","RM 3,500"
"UC 5664","RM 1,900"
"VQR 2200","RM 3,800"
"VQR 2688","RM 3,800"
"VPD 77","RM 31,800"
"QRX 1818","RM 5,500"
"BSL877","RM 3,500"
"FH 8881","RM 4,800"
"VPD 66","RM 30,800"
"BSL688","RM 4,500"
"MDU 67","RM 6,800"
"PGY 18","RM 26,800"
"BRH 75","RM 7,800"
"PQT 60","RM 8,800"
"KFQ 87","RM 9,800"
"BSL 24","RM 10,800"
"VQR 2688","RM 3,800"
"VQQ 32","RM 15,800"
"SWH 65","RM 6,800"
"VKF 58","RM 6,800"
"VPD 331","RM 2,300"
"VQR 2000","RM 4,300"
"MDV 96","RM 18,800"
"VPA 2211","RM 3,800"
"VJL 54","RM 7,800"
"SJM 69","RM 14,800"
"QRX 333","RM 22,800"
"KFK 84","RM 7,800"
"VKT 58","RM 7,800"
"QRX 69","RM 13,800"
"VMR 8383","RM 2,800"
"QRX 8118","RM 4,300"
"VKB 81","RM 10,800"
"VQR 1991","RM 3,800"
"BSU 1881","RM 3,800"
"BSJ 272","RM 2,500"
"VPD 1155","RM 2,500"
"RBB 363","RM 2,800"
"BSU 3003","RM 3,800"
"VPF 211","RM 2,500"
"VEW 93","RM 13,800"
"VPD 7000","RM 2,500"
"BSU 9888","RM 3,800"
"VPD 1333","RM 2,300"
"BSU 56","RM 8,800"
"VPE 938","RM 2,500"
"BSU 2266","RM 3,800"
"VPD 929","RM 2,800"
"BSU 79","RM 10,800"
"BSJ 1122","RM 2,500"
"BSJ 881","RM 2,300"
"BSU 1212","RM 5,800"
"RBB 2992","RM 2,500"
"BSU 787","RM 3,800"
"BSU 2626","RM 3,800"
"BSU 900","RM 4,500"
"BSU 6699","RM 3,500"
"BSJ 300","RM 2,500"
"VPD 1551","RM 2,500"
"VPE 993","RM 2,500"
"VPD 1100","RM 2,500"
"BSU 155","RM 3,800"
"BSU 1888","RM 4,300"
"BSU 3288","RM 3,500"
"ADE 7","RM 118,000"
"BSU 505","RM 3,500"
"BSU 900","RM 4,500"
"BSJ 112","RM 2,500"
"BSU 800","RM 4,500"
"BSJ 881","RM 2,300"
"VPD 929","RM 2,800"
"BSU 133","RM 3,800"
"BSU 1888","RM 4,300"
"VPD 1155","RM 2,500"
"BSU 6668","RM 3,800"
"BSU 3003","RM 3,800"
"VPF 211","RM 2,500"
"VPD 833","RM 2,300"
"BSU 828","RM 5,800"
"VQV 666","RM 23,800"
"BSU 585","RM 3,500"
"VEW 93","RM 13,800"
"BSU 1212","RM 5,800"
"BSU 9998","RM 3,800"
"VPD 8868","RM 2,300"
"VPB 500","RM 5,500"
"BSJ 8988","RM 2,500"
"BSJ 5000","RM 2,800"
"VPD 8686","RM 2,800"
"BSJ 3883","RM 2,500"
"RBB 8282","RM 2,800"
"BSJ 6996","RM 2,500"
"WWK18","RM 67,600"
"JXB 8888","RM 26,800"
"SWR 8888","RM 20,800"
"BEH 1","RM 888,888"
"V 94","RM 188,000"
"E 26","RM 258,800"
"YY 24","RM 89,800"
"QD 24","RM 38,800"
"E 46","RM 198,800"
"VQV 737","RM 5,800"
"VQV 668","RM 7,800"
"VQV 328","RM 5,800"
"VQV 163","RM 5,800"
"VQV 128","RM 6,800"
"VQV 39","RM 17,800"
"PHR 77","RM 30,800"
"NEK 118","RM 4,800"
"NEK 123","RM 4,800"
"NEK 188","RM 4,800"
"NEK 228","RM 4,300"
"NEK 388","RM 3,800"
"NEK 668","RM 3,800"
"NEK 688","RM 3,800"
"NEK 800","RM 3,800"
"NEK 808","RM 3,300"
"NEK 818","RM 4,300"
"NEK 838","RM 3,300"
"NEK 898","RM 3,800"
"NEK 900","RM 3,800"
"NEK 988","RM 3,800"
"NEK 1188","RM 3,800"
"NEK 1818","RM 3,800"
"NEK 1888","RM 3,800"
"NEK 3000","RM 3,300"
"NEK 6000","RM 3,300"
"NEK 9898","RM 3,300"
"NEK 9988","RM 3,300"
"PHG 33","RM 32,300"
"JT 888","RM 118,800"
"VPB 500","RM 5,500"
"TDB 66","RM 28,800"
"APL 9999","RM 19,800"
"APL 8118","RM 4,300"
"APL 7777","RM 15,800"
"APL 666","RM 17,800"
"NEK 8118","RM 4,300"
"NEK 1212","RM 5,300"
"NEK 999","RM 22,800"
"NEK 66","RM 28,800"
"QBJ 1313","RM 5,800"
"QBJ 777","RM 18,800"
"QBJ 33","RM 33,800"
"SMV 1881","RM 3,800"
"QC 76","RM 28,800"
"NEK 76","RM 7,800"
"AJE 71","RM 6,300"
"APL 888","RM 18,800"
"SWR 87","RM 8,000"
"SWR 666","RM 12,300"
"DE 6666","RM 30,800"
"FE 6666","RM 30,800"
"UC 44","RM 38,800"
"UMS 2","RM 123,000"
"JAB 4","POA"
"VIPS 8055","RM 18,800"
"TD 899","RM 9,700"
"NDY 17","RM 19,800"
"PRF 37","RM 9,800"
"MDW 37","RM 9,800"
"MDV 38","RM 11,800"
"MDU 29","RM 12,800"
"KFM 28","RM 22,800"
"PQK 43","RM 6,800"
"QRU 35","RM 10,800"
"PQY 52","RM 7,800"
"QDA 32","RM 8,800"
"PQP 34","RM 7,800"
"SWH 30","RM 11,800"
"RB 18","RM 108,000"
"DER 17","RM 26,800"
"WRJ 19","RM 22,800"
"BRH 41","RM 7,800"
"VKU 29","RM 12,800"
"SYW 28","RM 20,800"
"PRF 53","RM 6,800"
"VMJ 37","RM 9,800"
"CES 17","RM 22,800"
"PRG 40","RM 6,800"
"ANB 30","RM 11,800"
"NEB 33","RM 33,800"
"MDV 17","RM 16,800"
"BRU 12","RM 21,800"
"VKY 2525","RM 2,500"
"VKY 2797","RM 1,000"
"VKY 2777","RM 1,600"
"VKY 2666","RM 1,600"
"VKY 2553","RM 1,000"
"VKY 2475","RM 1,000"
"VKY 2417","RM 1,000"
"VKY 2332","RM 2,800"
"VKY 2263","RM 1,300"
"VKY 2088","RM 1,300"
"VKY 2061","RM 1,000"
"VKY 2026","RM 1,000"
"VKY 2022","RM 1,300"
"VKY 2805","RM 1,000"
"VKY 2696","RM 1,000"
"VKY 2608","RM 1,000"
"NEK 66","RM 28,800"
"NEK 1212","RM 5,300"
"TDB 66","RM 28,800"
"QBJ 777","RM 18,800"
"APL 666","RM 17,800"
"NEK 999","RM 22,800"
"NEK 8118","RM 4,300"
"QBJ 1313","RM 5,800"
"SMV 1881","RM 3,800"
"APL 8118","RM 4,300"
"APL 9999","RM 19,800"
"QBJ 33","RM 33,800"
"APL 7777","RM 15,800"
"DFP 9696","RM 3,800"
"DFP 83","RM 10,800"
"CR 8","RM 688,800"
"DEM 66","RM 20,000"
"VMV 7686","RM 1,000"
"RK 85","RM 39,800"
"JBV63","POA"
"WMK 123","RM 5,500"
"KCK 37","RM 13,000"
"VCE 60","RM 8,800"
"QTT 62","RM 8,800"
"QBJ 23","RM 16,900"
"PSD 23","RM 17,900"
"SMV 20","RM 13,900"
"RBE 20","RM 13,900"
"SJR 666","RM 19,900"
"VJK 4","RM 48,800"
"BSU 8899","RM 4,900"
"JM 366","RM 26,900"
"VQV 988","RM 8,900"
"JYU 828","RM 5,900"
"JYV 313","RM 6,900"
"JYU 101","RM 6,900"
"APL 101","RM 5,900"
"JYV 80","RM 10,900"
"RBE 79","RM 9,900"
"RBE 63","RM 13,900"
"RBE 23","RM 17,900"
"WYV 75","RM 9,900"
"QMK 68","RM 16,900"
"QBJ 38","RM 13,900"
"SJR 7777","RM 15,900"
"QKY 444","RM 8,900"
"QKD 11","RM 39,900"
"BST 68","RM 17,900"
"QBJ 63","RM 13,900"
"VQV 61","RM 16,900"
"QBJ 50","RM 9,900"
"BSU 36","RM 13,900"
"VQV 32","RM 20,900"
"RBE 32","RM 13,900"
"SMV 30","RM 13,900"
"RBE 29","RM 13,900"
"BST 29","RM 13,900"
"SJR 26","RM 17,900"
"PSD 98","RM 13,900"
"SMV 92","RM 10,900"
"QBJ 92","RM 9,900"
"RBE 83","RM 11,900"
"QBJ 83","RM 10,900"
"QBJ 82","RM 10,900"
"VR 2277","RM 12,900"
"VH 922","RM 12,900"
"QT 76","RM 36,800"
"KBQ 12","RM 18,900"
"QM 222 H","RM 11,900"
"JXS 69","RM 13,800"
"QSY 2","RM 159,800"
"JQY 888","RM 41,800"
"APL 33","RM 31,800"
"PKA 83","RM 10,900"
"VN 585","RM 16,800"
"VIP 1080","RM 5,800"
"CAC 18","RM 38,800"
"QBJ 6868","RM 4,800"
"DCP 10","RM 37,800"
"WTD 27","RM 15,900"
"VGU 111","RM 19,900"
"UC 86","RM 56,800"
"JWQ 138","RM 5,300"
"WCJ 777","RM 20,800"
"APL 35","RM 8,800"
"KAW66","RM 29,800"
"WCC28","RM 38,888"
"DS332","RM 9,888"
"MC 819","RM 6,600"
"VQR88","RM 31,990"
"VL 878","RM 6,800"
"WD 5","RM 280,000"
"VQT11","RM 33,990"
"AGB 88","RM 38,888"
"VNQ 8668","RM 3,500"
"VPG 7373","RM 2,500"
"VQF 7373","RM 2,500"
"VQM 7373","RM 2,500"
"VPV 3737","RM 2,800"
"VME 3737","RM 2,500"
"TA9888","RM 14,800"
"NX83","RM 40,800"
"SW 111","RM 46,800"
"SMB111","RM 14,900"
"TQ 3338","RM 13,900"
"AU778","RM 15,800"
"D6336","RM 31,800"
"MR 662","RM 10,800"
"KB6366","RM 7,900"
"ME 2333","RM 13,900"
"TU 1511","RM 7,900"
"WWJ 3","RM 228,000"
"WQV 7777","RM 15,800"
"VHN 13","RM 17,800"
"V888","POA"
"KD333","POA"
"AG88","POA"
"WW9","POA"
"KY33","POA"
"SMV3","POA"
"PCM33","POA"
"KE23","POA"
"VMV 186","RM 1,900"
"VMM 9003","RM 1,300"
"VMM 8994","RM 1,300"
"VMM 8975","RM 1,300"
"VMM 8929","RM 1,300"
"VMM 8908","RM 1,300"
"VMM 8902","RM 1,300"
"VMM 8880","RM 1,900"
"VMM 8877","RM 3,000"
"VMM 8863","RM 1,600"
"VMM 8852","RM 1,300"
"VMM 8804","RM 1,300"
"VMM 8771","RM 1,300"
"WA8888Q","RM 19,800"
"VMM 8758","RM 1,300"
"VMM 8727","RM 1,300"
"VMM 8717","RM 1,300"
"VMM 8711","RM 1,300"
"VMM 8682","RM 1,300"
"VMM 8677","RM 1,300"
"VMM 8669","RM 1,300"
"VMM 8637","RM 1,300"
"VMM 8624","RM 1,300"
"VMM 8622","RM 1,300"
"VMM 8608","RM 1,300"
"VMM 8593","RM 1,300"
"VMM 8548","RM 1,300"
"VMM 8522","RM 1,300"
"VMM 8485","RM 1,300"
"VMM 8484","RM 2,500"
"VMM 8474","RM 1,300"
"VMM 8330","RM 1,300"
"VMM 8295","RM 1,300"
"VMM 8284","RM 1,300"
"VMM 8208","RM 1,300"
"VMM 8200","RM 1,300"
"VMM 8186","RM 1,300"
"VMM 8113","RM 1,300"
"VMM 8101","RM 1,300"
"VMM 8099","RM 1,300"
"VMM 8009","RM 1,300"
"VMM 7954","RM 1,300"
"VMM 7913","RM 1,300"
"VMM 7898","RM 1,300"
"VMM 7895","RM 1,300"
"VMM 7811","RM 1,300"
"VMM 7783","RM 1,300"
"VMM 7776","RM 1,300"
"VMM 7766","RM 2,500"
"VMM 7759","RM 1,300"
"VMM 7721","RM 1,300"
"VMM 7708","RM 1,300"
"VMM 7567","RM 1,300"
"VMM 7512","RM 1,300"
"VMM 7494","RM 1,300"
"VMM 7488","RM 1,300"
"VMM 7474","RM 1,300"
"VMM 7414","RM 1,300"
"VMM 7369","RM 1,300"
"VMM 7354","RM 1,300"
"VMM 7328","RM 1,300"
"VMM 7222","RM 1,600"
"VMM 7221","RM 1,300"
"VMM 7205","RM 1,300"
"VMM 7204","RM 1,300"
"VMM 7203","RM 1,300"
"VMM 7176","RM 1,300"
"JYV 100","RM 7,300"
"JYV 82","RM 9,800"
"JYV 17","RM 15,300"
"JYV 9999","RM 18,300"
"JYV 7777","RM 13,800"
"JYV 999","RM 21,800"
"JYV 77","RM 32,800"
"VMV 8669","RM 1,300"
"BDW 6","RM 83,802"
"WEN 11","RM 113,800"
"QAB 1","RM 333,800"
"WQG 1","RM 388,800"
"CDS 6","POA"
"CDS 5","POA"
"DDK 2","RM 178,800"
"Y 9999","RM 218,800"
"A 16 A","RM 138,800"
"PP 111","RM 258,800"
"PGH 9","RM 128,800"
"RW 2","POA"
"BEN 888","POA"
"CCA 11","RM 58,800"
"SJP 4","RM 39,800"
"JPT 3","POA"
"JES 1111","RM 58,800"
"DH 8","POA"
"JCQ 3","RM 238,800"
"RAN 2","RM 138,800"
"JVP 8","RM 228,800"
"VMV 9991","RM 1,900"
"FE 1997","RM 1,600"
"BSU 70","RM 8,800"
"BSU 35","RM 11,800"
"BSU 9988","RM 4,800"
"KEY 9988","RM 6,800"
"QS 911 U","RM 4,800"
"LC 101","RM 29,800"
"VDR 34","RM 9,800"
"BHF 83","RM 11,800"
"JXX 818","RM 7,800"
"MT 22","RM 108,000"
"VLE 8055","RM 4,800"
"UC 666","RM 68,000"
"VQS 555","RM 26,800"
"VQS 5555","RM 19,800"
"VQS 838","RM 5,300"
"SU 34 Q","RM 7,800"
"SU 82 Q","RM 9,800"
"SU 73 Q","RM 8,800"
"SU 222 Q","RM 14,800"
"SU 70 Q","RM 10,800"
"QM 16 U","RM 12,800"
"QM 51 U","RM 8,800"
"QM 32 U","RM 8,800"
"QM 63 U","RM 12,800"
"QM 1919 U","RM 4,300"
"QM 228 U","RM 4,800"
"QM 2828 U","RM 4,800"
"QM 17 U","RM 13,800"
"QM 67 U","RM 7,800"
"QM 10 U","RM 25,800"
"QM 889 U","RM 4,300"
"QM 1188 U","RM 4,800"
"VKH 12","RM 22,800"
"TCS 444","RM 6,800"
"JYD 444","RM 7,300"
"NEK 9898","RM 3,300"
"NEK 800","RM 3,800"
"NEK 118","RM 4,800"
"KDX 4","RM 39,800"
"WM 770","RM 8,800"
"JT 888","RM 118,800"
"NEK 9988","RM 3,300"
"NEK 9898","RM 3,300"
"NEK 6000","RM 3,300"
"NEK 3000","RM 3,300"
"NEK 1888","RM 3,800"
"NEK 1818","RM 3,800"
"NEK 1188","RM 3,800"
"NEK 988","RM 3,800"
"NEK 900","RM 3,800"
"NEK 898","RM 3,800"
"NEK 838","RM 3,300"
"NEK 818","RM 4,300"
"NEK 808","RM 3,300"
"NEK 800","RM 3,800"
"NEK 688","RM 3,800"
"NEK 668","RM 3,800"
"NEK 388","RM 3,800"
"NEK 228","RM 4,300"
"NEK 188","RM 4,800"
"NEK 123","RM 4,800"
"NEK 118","RM 4,800"
"F72","RM 268,000"
"VIP 1449","RM 3,000"
"SJM28","RM 17,800"
"BPC118","RM 6,800"
"JYT881","RM 1,800"
"JYV29","RM 13,800"
"JDM8","RM 238,000"
"MG78","RM 39,800"
"TDF168","RM 4,800"
"VNW90","RM 9,800"
"NDU96","RM 14,800"
"JNE11","RM 56,800"
"CY886","RM 6,800"
"RBD22","RM 19,800"
"APL35","RM 8,800"
"DFP11","RM 33,800"
"NEK86","RM 12,800"
"SMV32","RM 10,800"
"PRS555","RM 23,800"
"MEE92","RM 16,800"
"VQV87","RM 16,800"
"JYV8822","RM 3,800"
"BSU9191","RM 3,800"
"BSU8282","RM 3,800"
"BSU8181","RM 3,800"
"BSU1717","RM 3,800"
"BSU91","RM 11,800"
"TDG9988","RM 3,800"
"TDG9898","RM 3,800"
"TDG8998","RM 3,800"
"TDG8988","RM 3,800"
"TDG2266","RM 3,800"
"TDG2121","RM 3,800"
"TDG2211","RM 3,800"
"TDG63","RM 14,800"
"F 9670","RM 5,800"
"SL 8686","RM 21,800"
"WSD 7887","RM 4,900"
"RW 6661","RM 7,800"
"JJX 4449","RM 4,800"
"NEK 899","RM 4,900"
"JSB 779","RM 4,300"
"JQF 622","RM 4,300"
"VCQ 138","RM 4,900"
"RBE 91","RM 12,900"
"JDD 56","RM 17,800"
"AFP 31","RM 12,900"
"JWE 5555","RM 14,900"
"BSS 686","RM 11,800"
"JES 1111","RM 59,800"
"SJP 4","RM 41,800"
"NEK 86","RM 12,800"
"QBJ 89","RM 9,800"
"QBJ 27","RM 10,800"
"QBJ 15","RM 11,800"
"QBJ 9999","RM 13,300"
"QBJ 99","RM 32,800"
"QBJ 88","RM 29,800"
"AEA 82","RM 12,800"
"KH1","RM 1,880,000"
"VEV44","RM 18,800"
"BLS16","RM 11,800"
"JNF222","RM 11,800"
"QBJ7777","RM 10,800"
"QBJ1111","RM 9,800"
"SMV3333","RM 10,800"
"SMV33","RM 26,800"
"JYV90","RM 9,800"
"JYV12","RM 17,800"
"VEU 1991","RM 6,000"
"KFG 6","RM 79,800"
"VQU6262","RM 3,800"
"VQU2255","RM 3,800"
"VQU6666","RM 12,800"
"RBE9911","RM 3,800"
"RBE9000","RM 3,800"
"RBE1199","RM 3,800"
"RBE1133","RM 3,800"
"RBE1122","RM 3,800"
"RBE36","RM 12,800"
"DFP6868","RM 4,900"
"PRS 555","RM 23,800"
"MEE 92","RM 16,800"
"BSE 12","RM 17,800"
"PCJ8","RM 115,999"
"DFP7","RM 103,999"
"PLV36","RM 14,999"
"VMV 2389","RM 1,000"
"VMV 9225","RM 1,000"
"VMV 9973","RM 1,000"
"VMV 9971","RM 1,000"
"VMV 9923","RM 1,300"
"VMV 9922","RM 2,800"
"VMV 9881","RM 1,300"
"VMV 9793","RM 1,000"
"VMV 9681","RM 1,000"
"VMV 9633","RM 1,300"
"VMV 9594","RM 1,000"
"VMV 9593","RM 1,000"
"VMV 9589","RM 1,000"
"VMV 9558","RM 1,000"
"VMV 935","RM 1,600"
"VMV 9297","RM 1,000"
"VMV 926","RM 1,600"
"VMV 9251","RM 1,000"
"VMV 924","RM 1,300"
"VMV 9200","RM 1,300"
"VMV 9190","RM 1,000"
"VMV 9182","RM 1,000"
"VMV 9114","RM 1,000"
"VMV 902","RM 1,600"
"VMV 9004","RM 1,000"
"VMV 8913","RM 1,000"
"VMV 8900","RM 1,300"
"VMV 8861","RM 1,000"
"VMV 8855","RM 2,800"
"VMV 8812","RM 1,000"
"VMV 8797","RM 1,000"
"VMV 879","RM 1,600"
"VMV 8782","RM 1,000"
"VMV 8755","RM 1,000"
"VMV 8667","RM 1,000"
"VMV 8663","RM 1,300"
"BSU 9998","RM 3,800"
"BSU 9888","RM 3,800"
"VMV 8611","RM 1,000"
"BSU 7227","RM 3,500"
"VMV 8606","RM 1,000"
"BSU 6888","RM 3,800"
"BSU 6699","RM 3,500"
"VMV 859","RM 1,600"
"BSU 6668","RM 3,800"
"BSU 3288","RM 3,500"
"VMV 8584","RM 1,000"
"VMV 8539","RM 1,000"
"BSU 3003","RM 3,800"
"VMV 844","RM 1,600"
"BSU 2626","RM 3,800"
"BSU 2266","RM 3,800"
"VMV 8116","RM 1,000"
"BSU 1888","RM 4,300"
"VMV 7898","RM 1,000"
"BSU 1881","RM 3,800"
"BSU 1212","RM 5,800"
"VMV 7882","RM 1,000"
"BSU 900","RM 4,500"
"BSU 886","RM 3,500"
"BSU 828","RM 5,800"
"VMV 7879","RM 1,000"
"BSU 800","RM 4,500"
"BSU 787","RM 3,800"
"VMV 7867","RM 1,000"
"BSU 585","RM 3,500"
"VMV 7857","RM 1,000"
"BSU 505","RM 3,500"
"BSU 177","RM 3,500"
"VMV 7787","RM 1,600"
"BSU 155","RM 3,800"
"VMV 7770","RM 1,600"
"BSU 133","RM 3,800"
"BSU 79","RM 10,800"
"VMV 7696","RM 1,000"
"BSU 56","RM 8,800"
"RBE 7227","RM 3,500"
"VMV 7571","RM 1,000"
"VEW 93","RM 13,800"
"WGE 8","RM 138,000"
"VMV 7559","RM 1,000"
"ADE 7","RM 118,000"
"VMV 7529","RM 1,000"
"VQV 666","RM 23,800"
"VMV 7479","RM 1,000"
"VMV 7477","RM 1,300"
"VMV 7475","RM 1,000"
"VMV 7424","RM 1,000"
"VMV 7372","RM 1,000"
"JYH 888","RM 21,800"
"JYV 9988","RM 3,800"
"JYV 8899","RM 3,800"
"JYV 6888","RM 3,800"
"PNN 2222","RM 11,800"
"DCR 3333","RM 11,000"
"JYV 5000","RM 3,300"
"JYV 2288","RM 3,800"
"JYV 3131","RM 3,300"
"JYV 2233","RM 3,300"
"JYV 1188","RM 4,300"
"JYV 1000","RM 4,300"
"JYR 999","RM 20,300"
"JYV 966","RM 3,800"
"JYV 898","RM 4,300"
"JYV 828","RM 4,300"
"JYV 805","RM 3,800"
"JYV 688","RM 4,800"
"SAC 333 A","RM 11,800"
"JYV 393","RM 3,300"
"JYV 199","RM 3,800"
"JYV 116","RM 3,300"
"JYV 67","RM 8,800"
"VQV 9988","RM 4,800"
"DEP 13","RM 19,800"
"RBA 38","RM 9,800"
"PNL 38","RM 8,800"
"JYG 37","RM 8,300"
"VMB 36","RM 9,800"
"VQB 35","RM 9,800"
"JYA 30","RM 10,800"
"QM 33 T","RM 18,800"
"ADH 45","RM 9,800"
"JYV1103","RM 500"
"MAQ 28","POA"
"NG 77","POA"
"VNS 11","RM 39,000"
"IM 1313","RM 68,000"
"CFD 11","RM 39,000"
"AGY 5","RM 128,000"
"VHW 8777","RM 1,900"
"WXU 88","RM 42,800"
"VLV 3","RM 199,000"
"XOIC 77","RM 43,800"
"JWP 99","RM 51,800"
"VNE 633","RM 2,500"
"VNN 368","RM 2,500"
"VMC 331","RM 1,900"
"VNH 250","RM 1,300"
"VPU 2000","RM 3,300"
"VND 2000","RM 3,300"
"VMA 2500","RM 1,000"
"VMS 2500","RM 1,000"
"K9319","RM 38,800"
"DD9319","RM 28,800"
"VQE99","RM 39,800"
"VQD99","RM 39,800"
"JXJ6668","RM 5,800"
"KEV520","RM 5,800"
"CY 663","POA"
"MX 899","POA"
"TS 1233","POA"
"SMV 32","RM 10,800"
"WKV8888","RM 25,000"
"WH 5","RM 350,000"
"WFR 88","RM 39,800"
"WDR 22","RM 24,800"
"BHA 1111","RM 38,800"
"F 73","RM 178,800"
"SMV 55","RM 23,800"
"SJR 777","RM 18,800"
"SJR 888","RM 24,800"
"VQS 55","RM 39,800"
"VBX 9898","RM 3,300"
"VDA 2628","RM 2,500"
"PPP 1995","RM 2,800"
"QAB 7 N","RM 55,888"
"BQC 3","RM 99,888"
"JUG 8","RM 228,888"
"QS 3 J","RM 64,888"
"QCV 38","RM 12,800"
"VPT 575","RM 3,800"
"APC 2772","RM 3,800"
"APC 2266","RM 3,800"
"VQG 3388","RM 4,800"
"VQG 8883","RM 3,800"
"VPT 228","RM 5,800"
"APC 969","RM 3,800"
"BSH 37","RM 10,800"
"VPT 5005","RM 3,800"
"APC 1717","RM 3,800"
"VPT 1888","RM 4,800"
"VQP 8828","RM 3,800"
"VQG 313","RM 5,800"
"APC 373","RM 3,800"
"VQG 7711","RM 3,800"
"WQR 26","RM 18,800"
"VPA 999","RM 23,800"
"BSH 28","RM 23,800"
"VPT 1991","RM 3,800"
"BSK 116","RM 4,500"
"APC 3377","RM 3,800"
"VQA 7","RM 98,800"
"BSH 9393","RM 3,800"
"VQG 1113","RM 4,300"
"APC 1112","RM 3,500"
"VQP 7117","RM 4,300"
"KGA 72","RM 10,800"
"APC 575","RM 3,800"
"VQA 27","RM 18,800"
"BSH 52","RM 8,800"
"BSK 98","RM 14,800"
"BSK 2255","RM 3,800"
"ANX 2288","RM 2,800"
"QCV 13","RM 19,800"
"VQG 2112","RM 4,500"
"QCV 12","RM 19,800"
"VPA 3003","RM 2,500"
"VQG 9009","RM 3,800"
"VQA 66","RM 30,800"
"APC 1771","RM 3,800"
"VPM 6666","RM 15,800"
"AKD 38","RM 11,800"
"VPA 9889","RM 2,800"
"QRW 28","RM 23,800"
"VQG 38","RM 13,800"
"VPT 998","RM 4,500"
"VPT 919","RM 5,800"
"VPS 8988","RM 3,800"
"VQF 89","RM 13,800"
"DFN 11","RM 42,800"
"VPS 9333","RM 3,500"
"APG 6363","RM 4,300"
"QRW 7","RM 96,800"
"VQP 232","RM 3,800"
"MDW 42","RM 7,800"
"APG 8181","RM 3,800"
"PRP 6633","RM 2,800"
"APG 8686","RM 4,300"
"APG 8866","RM 3,800"
"VNX 8886","RM 3,800"
"VPS 8828","RM 3,800"
"DFN 38","RM 12,800"
"KFM 53","RM 6,800"
"VQP 3399","RM 3,800"
"QCV 81","RM 10,800"
"QCV 80","RM 11,800"
"VPS 9933","RM 3,800"
"APG 1717","RM 3,800"
"VQF 1661","RM 3,800"
"APG 8989","RM 4,300"
"VQF 63","RM 15,800"
"APG 1331","RM 3,800"
"APG 2223","RM 3,500"
"VQF 939","RM 3,800"
"VQF 65","RM 8,800"
"VJQ 92","RM 9,800"
"ANX 1688","RM 3,800"
"VPS 8833","RM 3,800"
"VPS 9000","RM 4,800"
"VQF 1818","RM 6,300"
"VNX 363","RM 3,800"
"VQP 3232","RM 3,800"
"VNX 1661","RM 3,800"
"VQF 35","RM 12,800"
"DFN 222","RM 14,800"
"APG 9996","RM 3,800"
"APG 8883","RM 3,500"
"APG 8333","RM 3,800"
"VNX 886","RM 3,800"
"MDW 72","RM 10,800"
"VNX 373","RM 3,800"
"QRV 13","RM 19,800"
"APG 8383","RM 3,800"
"APG 8822","RM 3,800"
"APG 6336","RM 3,800"
"QCV 63","RM 14,800"
"SJK 9","RM 132,888"
"KFW 8","RM 88,888"
"VQF 3131","RM 4,300"
"MEC 71","RM 11,800"
"SJL 32","RM 10,800"
"VGE 660","RM 3,388"
"VPG 2626","RM 4,300"
"QMU 9","RM 113,888"
"DFA 9","RM 132,888"
"AMW 6611","RM 3,888"
"JXT 9","RM 152,888"
"VQF 3131","RM 4,300"
"RBA 8787","RM 4,588"
"VPG 2688","RM 3,800"
"VQE 1","RM 375,888"
"TDB 8","RM 116,888"
"ANC 6611","RM 3,888"
"VPG 2","RM 118,000"
"KBN 1","RM 365,888"
"SJL 71","RM 10,800"
"VQF 6969","RM 3,800"
"SJL 98","RM 14,800"
"SJK 9","RM 132,888"
"QAB 9 K","RM 65,888"
"MEC 95","RM 15,800"
"TCS 8787","RM 4,888"
"VPG 1118","RM 5,800"
"VPG 1010","RM 5,800"
"PLJ 9","RM 119,888"
"SU 9 P","RM 81,588"
"UITM 9","RM 112,888"
"KFW 8","RM 88,888"
"QMU 9","RM 113,888"
"WAU 9","RM 225,888"
"QRV 9","RM 122,888"
"JYL 8787","RM 3,888"
"SU 660 N","RM 3,888"
"SD 660 U","RM 3,888"
"VNT 181","RM 3,300"
"SWM 8787","RM 3,888"
"PEY 8","RM 92,888"
"VPG 8111","RM 3,800"
"VHN 660","RM 3,388"
"PJP 1","RM 455,888"
"KGC 8787","RM 3,888"
"PPD 1","RM 696,888"
"VNE 8787","RM 3,888"
"KFR 8","RM 96,888"
"MEC 12","RM 23,800"
"SWQ 8787","RM 3,888"
"SP 3323","RM 5,500"
"SP 6226","RM 5,800"
"SP 9191","RM 9,800"
"SP 9933","RM 7,800"
"FH 128","RM 16,800"
"FH 1881","RM 9,800"
"SP 8822","RM 6,800"
"FH 2828","RM 16,800"
"BRK 6611","RM 3,888"
"SP 3332","RM 5,500"
"SP 3377","RM 6,300"
"VQS 80","RM 13,800"
"SP 2882","RM 6,800"
"DFD 6611","RM 4,588"
"DEF 6611","RM 3,888"
"SP 2552","RM 5,500"
"DFP 9696","RM 3,800"
"FH 188","RM 16,800"
"SP 8333","RM 5,500"
"FB 90","RM 43,800"
"SP 767","RM 6,800"
"SP 6622","RM 5,500"
"FH 3233","RM 4,800"
"BRL 6611","RM 3,888"
"SP 6868","RM 12,800"
"DEF 6611","RM 3,888"
"SP 1331","RM 6,800"
"SP 3383","RM 5,500"
"FH 3133","RM 4,800"
"VQS 999","RM 25,800"
"JFN 6611","RM 4,388"
"BRK 6611","RM 3,888"
"SP 9229","RM 6,500"
"SP 7007","RM 6,500"
"FH 1881","RM 9,800"
"SP 8883","RM 5,500"
"VNJ 8","RM 102,888"
"SP 8833","RM 6,800"
"SP 9933","RM 7,800"
"FB 90","RM 43,800"
"DFD 6611","RM 4,588"
"VQT 95","RM 12,800"
"DFP 83","RM 10,800"
"SP 9191","RM 9,800"
"FH 3311","RM 8,800"
"WQC 8","RM 108,888"
"SP 3773","RM 5,500"
"APK 13","RM 23,800"
"JVQ 6611","RM 3,388"
"FH 1133","RM 9,800"
"VPB 3133","RM 2,300"
"VPC 633","RM 2,300"
"BSG 636","RM 2,800"
"FH 9992","RM 4,800"
"VPB 8811","RM 2,500"
"FH 6226","RM 6,800"
"KFK 3000","RM 3,800"
"BSG 9993","RM 2,300"
"VNW 3993","RM 2,800"
"VPB 6611","RM 2,500"
"VPA 262","RM 2,500"
"BST 288","RM 6,500"
"VNW 638","RM 2,500"
"VPB 636","RM 2,800"
"AMU 96","RM 19,800"
"FH 8558","RM 6,800"
"BST 18","RM 26,800"
"BSG 866","RM 2,300"
"BSH 2299","RM 2,500"
"VPC 3636","RM 2,800"
"PRR 767","RM 2,500"
"VNY 8880","RM 2,500"
"ANW 383","RM 2,800"
"FH 6633","RM 7,800"
"VPB 7997","RM 2,500"
"BST 118","RM 9,800"
"VPB 7788","RM 2,500"
"JVU 43","RM 7,800"
"VPC 8877","RM 2,800"
"BSG 3993","RM 2,500"
"VPB 7337","RM 2,500"
"VPC 8288","RM 2,500"
"PRP 163","RM 2,300"
"VPC 8877","RM 2,800"
"VPB 3133","RM 2,300"
"BSH 2020","RM 2,500"
"JVU 43","RM 7,800"
"KFK 113","RM 5,800"
"BST 18","RM 26,800"
"VPB 7337","RM 2,500"
"VNW 2226","RM 2,300"
"VPB 848","RM 2,500"
"VKE 48","RM 7,800"
"VPA 262","RM 2,500"
"BSG 1551","RM 2,500"
"VPB 8811","RM 2,500"
"VNW 320","RM 2,300"
"VNY 8880","RM 2,500"
"FH 6060","RM 6,800"
"FH 8558","RM 6,800"
"JXN 9","RM 152,888"
"NEH 2727","RM 4,500"
"BDS 9","RM 231,888"
"ADN 8","RM 136,888"
"JXQ 6611","RM 3,388"
"JYC 6611","RM 3,388"
"SP 3366","RM 6,300"
"NEH 1818","RM 5,800"
"JXH 6611","RM 4,588"
"JVR 6611","RM 3,388"
"JYD 6611","RM 3,388"
"JVX 6611","RM 3,388"
"NEH 118","RM 9,800"
"TDC 8","RM 93,888"
"VNW 9333","RM 4,388"
"VQJ 238","RM 3,500"
"ANF 63","RM 14,800"
"AMB 9","RM 139,888"
"NEH 168","RM 8,800"
"JVJ 9","RM 302,888"
"BLA 8","RM 116,888"
"VNR 151","RM 2,800"
"JXW 6611","RM 3,388"
"JWD 6611","RM 3,388"
"SJM 46","RM 9,800"
"JWH 6611","RM 3,388"
"VPA 3000","RM 2,800"
"PRP 171","RM 2,800"
"JXL 6611","RM 3,388"
"SP 7007","RM 6,500"
"SJM 57","RM 9,800"
"NEH 87","RM 10,800"
"JWE 6611","RM 3,388"
"BSE 155","RM 2,500"
"RBA 119","RM 2,500"
"BSG 7878","RM 2,500"
"NEH 288","RM 6,300"
"BSG 318","RM 2,300"
"SJE 9","RM 105,888"
"NEH 8228","RM 4,300"
"SP 3838","RM 7,800"
"BSE 155","RM 2,500"
"JVR 6611","RM 3,388"
"SP 3838","RM 7,800"
"VNR 151","RM 2,800"
"JXQ 6611","RM 3,388"
"JVS 6611","RM 3,388"
"VQJ 238","RM 3,500"
"SJM 46","RM 9,800"
"NEH 2828","RM 6,300"
"VQU 318","RM 3,500"
"RBE 8899","RM 4,500"
"RBE 6688","RM 4,500"
"RBE 49","RM 7,800"
"VQU 78","RM 11,800"
"VQU 138","RM 4,800"
"RBE 585","RM 3,800"
"VQU 1688","RM 4,300"
"VQU 68","RM 17,800"
"RBE 9339","RM 3,800"
"RBE 138","RM 4,800"
"RBE 800","RM 4,300"
"VQU 63","RM 14,800"
"VMT 2727","RM 4,800"
"RBE 168","RM 8,800"
"VQU 626","RM 3,800"
"BBT 7","RM 179,888"
"CAW 7","RM 80,888"
"VQU 878","RM 3,800"
"VQU 628","RM 3,500"
"RBE 737","RM 4,300"
"BSD 7","RM 88,666"
"RBE 9966","RM 3,800"
"VQU 868","RM 5,500"
"VQU 788","RM 3,500"
"RBE 1688","RM 4,300"
"VQU 268","RM 3,800"
"VQU 93","RM 12,800"
"RBE 6888","RM 3,800"
"RBE 98","RM 13,800"
"RBE 12","RM 20,800"
"VQU 727","RM 4,800"
"VLA 18","RM 31,888"
"VQU 128","RM 4,800"
"VQU 115","RM 3,800"
"RBE 8999","RM 3,800"
"RBE 9889","RM 4,300"
"RBE 889","RM 4,300"
"VQU 777","RM 21,800"
"VQU 737","RM 4,800"
"RBE 3003","RM 3,800"
"VQU 818","RM 5,500"
"RBE 6668","RM 3,800"
"VQU 168","RM 9,800"
"VQU 881","RM 3,500"
"VQU 66","RM 30,800"
"RBE 268","RM 3,800"
"RBE 282","RM 3,800"
"RBE 8998","RM 4,300"
"VQU 2299","RM 3,800"
"VQU 889","RM 4,300"
"VQU 9998","RM 4,300"
"VQU 2727","RM 4,500"
"VQU 9966","RM 3,800"
"VQU 889","RM 4,300"
"VQU 9339","RM 4,300"
"AJY 99","RM 39,800"
"BRL 46","RM 8,800"
"VQU 3388","RM 4,300"
"VQU 8998","RM 4,500"
"VQU 1515","RM 3,800"
"TDG 22","RM 25,800"
"WLK 9","RM 178,000"
"VQU 8999","RM 4,500"
"VQU 6868","RM 4,500"
"VQU 2882","RM 3,800"
"VQU 9889","RM 4,300"
"WTV 8","RM 148,000"
"VQU 8899","RM 4,500"
"VQU 2299","RM 3,800"
"VQU 8228","RM 4,500"
"VQU 1188","RM 4,800"
"VQU 8988","RM 3,800"
"TBW 10","RM 34,800"
"TDD 9999","RM 42,800"
"TDD 33","RM 83,800"
"TDD 88","RM 89,800"
"TDD 999","RM 48,800"
"JYE 88","RM 51,800"
"SWJ 5","RM 89,800"
"JYV 5000","RM 3,800"
"WWT 6611","RM 2,500"
"W9222D","RM 2,500"
"BEH 1","POA"
"T 26","POA"
"JVW 6","POA"
"UC 86","POA"
"WVW 63","RM 19,800"
"BSB55","RM 48,800"
"MDM 8888","RM 20,800"
"NAC 8","RM 98,800"
"MAM20","RM 18,800"
"SWD222","RM 15,800"
"TQ 828","RM 16,500"
"TAN3355","RM 15,000"
"VMV 725","RM 1,600"
"VMV 723","RM 1,600"
"VMV 7186","RM 1,000"
"VMV 709","RM 1,600"
"VMV 7079","RM 1,000"
"VMV 7002","RM 1,300"
"VMV 6981","RM 1,000"
"VMV 6825","RM 1,000"
"VMV 6811","RM 1,300"
"VMV 6726","RM 1,000"
"VMV 6711","RM 1,000"
"VMV 6696","RM 1,600"
"VMV 6667","RM 1,600"
"VMV 6661","RM 1,600"
"VMV 6651","RM 1,000"
"VMV 6566","RM 1,600"
"VMV 6398","RM 1,000"
"VMV 6383","RM 1,000"
"VMV 637","RM 1,600"
"VMV 6318","RM 1,000"
"VMV 630","RM 1,600"
"VMV 6230","RM 1,000"
"VMV 6189","RM 1,000"
"VMV 6133","RM 1,300"
"VMV 613","RM 1,600"
"VMV 5966","RM 1,000"
"VMV 5812","RM 1,000"
"VMV 5788","RM 1,000"
"VMV 570","RM 1,600"
"VMV 562","RM 1,600"
"VMV 5589","RM 1,000"
"VMV 5559","RM 1,600"
"VMV 5544","RM 2,500"
"VMV 5538","RM 1,000"
"VMV 5498","RM 1,000"
"VMV 547","RM 1,300"
"VMV 5351","RM 1,000"
"VMV 5300","RM 1,000"
"VMV 529","RM 1,600"
"VMV 5257","RM 1,000"
"VMV 5211","RM 1,000"
"VMV 5195","RM 1,000"
"VMV 5180","RM 1,000"
"VMV 5071","RM 1,000"
"VMV 5051","RM 1,000"
"VMV 4992","RM 1,000"
"VMV 4949","RM 2,500"
"VMV 4889","RM 1,000"
"VMV 4879","RM 1,000"
"VMV 473","RM 1,300"
"VMV 4700","RM 1,000"
"VMV 470","RM 1,300"
"VMV 4663","RM 1,000"
"VMV 4557","RM 1,000"
"VMV 4541","RM 1,000"
"VMV 4526","RM 1,000"
"VMV 443","RM 1,600"
"VMV 433","RM 1,600"
"VMV 421","RM 1,300"
"VMV 413","RM 1,300"
"VMV 407","RM 1,000"
"VMV 4067","RM 1,000"
"VMV 4063","RM 1,000"
"VMV 402","RM 1,300"
"VMV 3999","RM 1,900"
"VMV 386","RM 1,600"
"VMV 3802","RM 1,000"
"VMV 3639","RM 1,000"
"VMV 3625","RM 1,000"
"VMV 3576","RM 1,000"
"VMV 3553","RM 2,500"
"VMV 344","RM 1,600"
"VMV 3411","RM 1,000"
"VMV 3403","RM 1,000"
"VMV 335","RM 1,900"
"VMV 3330","RM 1,600"
"VMV 3328","RM 1,300"
"BSU 31","RM 8,800"
"BSU 19","RM 15,300"
"BSU 13","RM 16,800"
"QCV 87","RM 9,900"
"VQV 87","RM 16,800"
"VMR62","RM 8,800"
"PMF19","RM 16,800"
"VMH 169","RM 1,300"
"VKE 169","RM 1,300"
"RAY 3323","RM 4,800"
"SU 13 Q","RM 12,800"
"DEP 13","RM 19,800"
"KGF 9988","RM 3,300"
"KGF 9898","RM 3,300"
"KGF 9696","RM 3,300"
"KGF 8989","RM 3,300"
"KGF 8899","RM 3,300"
"KGF 8889","RM 2,900"
"KGF 6888","RM 3,300"
"KGF 3131","RM 3,300"
"KGF 1118","RM 3,800"
"KGF 998","RM 3,300"
"KGF 996","RM 3,800"
"KGF 989","RM 3,300"
"KGF 988","RM 3,800"
"KGF 966","RM 3,300"
"KGF 933","RM 2,900"
"KGF 898","RM 3,300"
"KGF 883","RM 3,300"
"KGF 866","RM 3,300"
"KGF 833","RM 3,300"
"KGF 811","RM 3,300"
"JAM 6969","RM 3,500"
"KGF 688","RM 3,800"
"KGF 633","RM 3,300"
"KGF 500","RM 3,800"
"KGF 400","RM 3,300"
"KGF 388","RM 3,800"
"KGF 331","RM 3,300"
"KGF 288","RM 3,800"
"KGF 116","RM 2,900"
"KGF 113","RM 2,900"
"KGF 166","RM 2,900"
"KGF 126","RM 2,900"
"KGF 282","RM 3,300"
"KGF 333","RM 15,300"
"KGF 555","RM 11,300"
"KGF 911","RM 4,300"
"KGF 6666","RM 10,800"
"KGF 3333","RM 8,800"
"RBA 788","RM 2,500"
"BSN 889","RM 3,800"
"VMR 129","RM 2,800"
"VMR 1116","RM 3,500"
"VMY 939","RM 4,800"
"RBA 929","RM 2,800"
"ANU 7007","RM 2,800"
"BSA 110","RM 2,800"
"ANY 959","RM 3,800"
"ANU 9009","RM 2,800"
"APE 8","RM 128,000"
"BSA 2323","RM 2,800"
"BSN 69","RM 13,800"
"VNY 600","RM 3,300"
"VMR 575","RM 2,800"
"APD 8282","RM 3,800"
"APD 9933","RM 3,500"
"TDE 126","RM 3,800"
"APD 9988","RM 3,800"
"APD 9000","RM 3,800"
"VMY 939","RM 4,800"
"VMR 129","RM 2,800"
"KGD 6666","RM 13,800"
"RBA 929","RM 2,800"
"W 26 R","RM 39,800"
"BSG 786","RM 3,800"
"VMR 488","RM 2,800"
"KGD 666","RM 16,800"
"BSN 889","RM 3,800"
"KGD 1111","RM 13,800"
"ANY 959","RM 3,800"
"VMR 1116","RM 3,500"
"VMR 255","RM 2,800"
"VNT 881","RM 2,500"
"KGD 2727","RM 4,500"
"BSN 6","RM 93,800"
"ANU 7007","RM 2,800"
"ANU 8811","RM 2,800"
"APD 9119","RM 3,800"
"BSG 1991","RM 2,800"
"ANU 9889","RM 2,800"
"BSN 223","RM 3,500"
"BSA 110","RM 2,800"
"RBA 788","RM 2,500"
"PRP 3366","RM 2,800"
"VPA 1080","RM 1,000"
"VMP 1080","RM 1,000"
"VMU 7117","RM 2,500"
"VMY 7117","RM 2,500"
"VQU 7117","RM 2,500"
"VPK 7117","RM 2,500"
"MC6Q","RM 83,000"
"T80","RM 318,000"
"T12","RM 368,000"
"W383","RM 66,000"
"R838","RM 51,800"
"D52","RM 218,000"
"N32","RM 268,000"
"N23","RM 318,000"
"W20","RM 388,000"
"VNC 977","RM 1,600"
"VMW 977","RM 1,600"
"VMF 8628","RM 1,300"
"KFW10","RM 23,800"
"VKX 380","RM 1,600"
"VLX 380","RM 1,600"
"VMP 380","RM 1,600"
"VJQ 6626","RM 1,300"
"VLR 6626","RM 1,300"
"VMX 6626","RM 1,300"
"VJV 1369","RM 1,000"
"VNV 1369","RM 1,000"
"VJX 109","RM 1,600"
"VND 109","RM 1,600"
"VNC 109","RM 1,600"
"VGM 5999","RM 1,300"
"VMX 5999","RM 1,300"
"APK 11","RM 39,800"
"RBE 9","RM 148,000"
"VQU 9898","RM 5,800"
"VQU 73","RM 9,800"
"VQT 2888","RM 5,800"
"VQT 1212","RM 6,800"
"VQT 668","RM 5,800"
"VQT 82","RM 12,800"
"VQT 37","RM 10,800"
"VQT 20","RM 12,800"
"VQT 66","RM 30,800"
"VQT 10","RM 28,800"
"RR203","RM 18,000"
"FH 13","RM 88,000"
"BSU 8","RM 108,000"
"BHT 2","RM 118,000"
"BL 10","RM 138,000"
"VQU 3","RM 105,000"
"QM3 U","RM 65,800"
"JPR 3","RM 198,000"
"SJR 3","RM 108,000"
"VJP 3 (VIP 3)","RM 128,000"
"VQN 3","RM 103,000"
"SJP 6","RM 75,800"
"PJ 8","POA"
"BHF 9","RM 128,000"
"MDM 11","RM 68,800"
"G 29 G","RM 39,800"
"GT 100","RM 29,800"
"A 9911 A","RM 7,800"
"BS 5555","RM 78,800"
"DP 96","RM 78,800"
"NK 68","RM 68,800"
"SUKOM 68","RM 88,000"
"JFF 88","RM 68,800"
"NAJ 99","RM 39,800"
"WKX 96","RM 13,800"
"PBE 96","RM 13,800"
"WV 101","RM 18,800"
"JW 323","RM 18,800"
"MM 341","RM 7,800"
"MM 590","RM 7,800"
"L 400","RM 68,800"
"TAY 805","POA"
"MP 999","RM 68,800"
"R 1010","RM 63,800"
"FG 1133","RM 7,800"
"RAY 1133","RM 6,900"
"D 1616","RM 35,800"
"M 1818","RM 63,800"
"MC 2211","RM 9,300"
"VCV 4444","RM 7,500"
"BQQ 5555","RM 29,900"
"LG 9966","RM 11,800"
"VQV 13","RM 46,800"
"BEY 96","RM 99,800"
"AAB 666","RM 29,800"
"JYV 555","RM 19,900"
"VLP 19","RM 23,900"
"DFP 11","RM 39,800"
"UM 64","RM 29,800"
"TCX 900","RM 4,900"
"VLY 99","RM 44,800"
"SD 3 X","RM 88,800"
"WCM 85","RM 14,900"
"SW 16","RM 98,000"
"SMK 666","RM 19,900"
"JYV 29","RM 13,800"
"CU 383","RM 7,800"
"BSU 31","RM 8,800"
"BSU 19","RM 15,300"
"BSU 13","RM 16,800"
"BSU 66","RM 22,300"
"QS 55","RM 128,000"
"MX 62","RM 29,800"
"JYV 100","RM 7,300"
"JYV 82","RM 9,800"
"JYV 17","RM 15,300"
"JYV 9999","RM 18,300"
"JYV 7777","RM 13,800"
"JYV 999","RM 21,800"
"JYV 77","RM 32,800"
"JBA 53","RM 13,900"
"JBG 39","RM 13,900"
"WYN 23","RM 17,900"
"JSH 777","RM 24,900"
"ALC 55","RM 26,900"
"QTJ 11","RM 36,800"
"JM 8800","RM 16,800"
"JW 3338","RM 16,800"
"CL 232","RM 16,800"
"SB 101 J","RM 4,900"
"RBE 2828","RM 5,300"
"DFH 2888","RM 4,300"
"VQS 6868","RM 5,300"
"VPV 3131","RM 6,800"
"JGD 96","RM 20,900"
"BSS 1199","RM 6,300"
"TDA 800","RM 4,800"
"VQP 68","RM 14,900"
"VQR 66","RM 31,900"
"BBN 19","RM 35,800"
"JJD 18","RM 53,800"
"CFF 18","RM 41,800"
"BSS 18","RM 48,800"
"JYU 13","RM 24,900"
"PJP 8","RM 209,800"
"CDS 6","RM 83,800"
"BCC 6","RM 199,800"
"TCV 886","RM 3,800"
"Y 36","RM 299,800"
"WDD7","RM 228,800"
"WTT2","RM 228,800"
"BSU 63","RM 14,800"
"VQV 111","RM 39,800"
"BSB 77","RM 53,800"
"VQV 77","RM 55,800"
"VQV 11","RM 69,800"
"VQV 2","RM 199,000"
"VMM 9665","RM 1,300"
"VMM 9662","RM 1,300"
"VMM 9598","RM 1,300"
"VMM 9597","RM 1,300"
"VMM 9595","RM 1,300"
"VMM 9559","RM 1,300"
"VMM 9444","RM 1,300"
"VMM 9431","RM 1,300"
"VMM 9413","RM 1,300"
"VR8668","RM 5,888"
"DFF 2","RM 188,000"
"JLW 6","RM 139,800"
"VIPS 580","RM 7,800"
"SIS 8898","RM 9,900"
"SIS 8666","RM 6,800"
"QD 57","RM 30,800"
"A 6446 A","RM 6,800"
"NEF 35","RM 13,900"
"NEE 8898","RM 6,300"
"NEE 8181","RM 7,800"
"NEJ 686","RM 4,900"
"WRR 111","RM 28,800"
"CH 12","RM 79,800"
"VQQ 959","RM 5,300"
"SWN 2020","RM 3,900"
"SP 3333","RM 40,800"
"RBE 118","RM 9,900"
"RBE 17","RM 24,900"
"PRQ 20","RM 13,900"
"PGH 9","RM 139,800"
"NEG 9889","RM 4,300"
"NEG 909","RM 4,300"
"NEJ 6868","RM 4,900"
"NEB 4848","RM 3,900"
"MEE 9988","RM 6,800"
"JXX 7887","RM 4,800"
"JYS 9000","RM 5,300"
"JYS 797","RM 5,000"
"JND 99","RM 59,800"
"FFF 35","RM 59,800"
"FH 8898","RM 10,800"
"FH 9889","RM 11,800"
"DFK 838","RM 4,800"
"DFP 12","RM 17,900"
"DDC 8888","RM 29,800"
"DBJ 99","RM 44,800"
"CFF 1668","RM 6,300"
"CFC 9889","RM 5,300"
"CFF 85","RM 14,800"
"CFF 62","RM 13,800"
"BSF 8828","RM 5,300"
"APB 9966","RM 4,300"
"BSU 9191","RM 3,800"
"BSU 8282","RM 3,800"
"BSU 8181","RM 3,800"
"BSU 1717","RM 3,800"
"BSU 91","RM 11,800"
"CFC 23","RM 25,800"
"T10","RM 988,000"
"EV 45","RM 49,800"
"RH38","RM 68,800"
"VQA3123","RM 1,000"
"MK 2188","RM 6,300"
"JYP 99","RM 52,800"
"JYV 88","RM 52,800"
"JYN 88","RM 49,800"
"CS8888","RM 68,800"
"CES111","RM 12,800"
"BSU38","RM 9,800"
"BSU22","RM 19,800"
"BSU7777","RM 10,800"
"BSU89","RM 9,800"
"TDG18","RM 17,800"
"TDG26","RM 10,800"
"TDG7777","RM 10,800"
"VQU26","RM 11,800"
"VQU1111","RM 11,800"
"JYV 9988","RM 3,800"
"JYV 6888","RM 3,800"
"JYV 2288","RM 3,800"
"JYV 3131","RM 3,300"
"JYV 2233","RM 3,300"
"JYV 1188","RM 4,300"
"JYV 1000","RM 4,300"
"JYV 966","RM 3,800"
"JYV 898","RM 4,300"
"JYV 828","RM 4,300"
"JYV 805","RM 3,800"
"JYV 688","RM 4,800"
"JYV 393","RM 3,300"
"JYV 199","RM 3,800"
"JYV 116","RM 3,300"
"JYV 67","RM 8,800"
"KS 3188","RM 8,500"
"JYV5555","RM 7,800"
"JYV16","RM 14,800"
"VDL 7777","RM 19,800"
"AEN 222","RM 18,800"
"DET 57","RM 19,800"
"NBOS 66","RM 66,000"
"NCT 87","RM 16,800"
"VAJ 5555","RM 12,800"
"W58R","RM 18,800"
"PPM 8888","RM 19,800"
"VBW 2222","RM 14,800"
"VKD 2222","RM 14,800"
"PNB22","POA"
"WD138","POA"
"KEE28","POA"
"V3388","POA"
"DT11","POA"
"DP 33","POA"
"PNB9999","POA"
"JA19","POA"
"JTB555","RM 16,800"
"VMV 3308","RM 1,000"
"VMV 3232","RM 3,300"
"VMV 3211","RM 1,000"
"VMV 3183","RM 1,000"
"VMV 3166","RM 1,300"
"VMV 3122","RM 1,300"
"VMV 3121","RM 1,000"
"VMV 3006","RM 1,300"
"VMV 3002","RM 1,000"
"VMV 2982","RM 1,000"
"VMV 2922","RM 1,600"
"VMV 291","RM 1,600"
"VMV 2867","RM 1,000"
"VMV 2725","RM 1,000"
"VMV 2627","RM 1,000"
"VMV 2624","RM 1,000"
"VMV 242","RM 2,800"
"VMV 2398","RM 1,000"
"VMV 2340","RM 1,000"
"VMV 2267","RM 1,000"
"VMV 2256","RM 1,000"
"VMV 2255","RM 2,800"
"VMV 2181","RM 1,000"
"VMV 2161","RM 1,000"
"VMV 2131","RM 1,000"
"VMV 2115","RM 1,000"
"VMV 2109","RM 1,000"
"VMV 205","RM 1,600"
"VMV 2034","RM 1,000"
"VMV 2024","RM 1,000"
"VMV 2023","RM 1,000"
"VMV 2005","RM 1,000"
"VMV 1987","RM 1,300"
"VMV 1972","RM 1,000"
"VMV 1970","RM 1,000"
"VMV 1962","RM 1,000"
"VMV 1941","RM 1,000"
"VMV 1931","RM 1,000"
"VMV 1925","RM 1,000"
"VMV 1892","RM 1,000"
"VMV 1886","RM 1,300"
"VMV 1882","RM 1,300"
"VMV 1861","RM 1,000"
"VMV 1819","RM 1,000"
"VMV 1778","RM 1,000"
"VMV 1775","RM 1,000"
"VMV 170","RM 1,600"
"VMV 1689","RM 1,000"
"VMV 1638","RM 1,300"
"VMV 162","RM 1,600"
"VMV 1609","RM 1,000"
"VMV 1603","RM 1,000"
"VMV 1582","RM 1,000"
"VMV 1566","RM 1,000"
"VMV 1565","RM 1,000"
"VMV 1498","RM 1,000"
"VMV 1419","RM 1,000"
"VMV 1356","RM 1,000"
"VMV 1339","RM 1,000"
"VMV 1317","RM 1,000"
"VMV 1412","RM 1,000"
"VMV 1298","RM 1,000"
"JYV1111","RM 11,900"
"MDV 53","RM 6,800"
"CEN 28","RM 22,800"
"VMV 1233","RM 1,300"
"VMV 1180","RM 1,000"
"VMV 1175","RM 1,000"
"VMV 1171","RM 1,600"
"VMV 1134","RM 1,600"
"VMV 1106","RM 1,600"
"VMV 107","RM 1,600"
"VMV 1029","RM 1,000"
"VMV 1017","RM 1,000"
"VMV 1014","RM 1,000"
"VMV 9820","RM 1,000"
"VMV 8727","RM 1,000"
"VMV 7058","RM 1,000"
"VMV 5909","RM 1,000"
"VMV 8481","RM 1,000"
"VMV 7874","RM 1,000"
"VMV 7055","RM 1,000"
"VMV 6294","RM 1,000"
"VMV 8955","RM 1,000"
"VMV 9752","RM 1,000"
"VMV 7725","RM 1,000"
"VMV 5911","RM 1,000"
"VMV 4973","RM 1,000"
"VMV 4943","RM 1,000"
"VMV 4260","RM 1,000"
"VMV 4098","RM 1,000"
"VMV 9638","RM 1,000"
"VMV 9525","RM 1,000"
"VMV 9266","RM 1,300"
"VMV 8907","RM 1,000"
"VMV 8629","RM 1,000"
"VMV 8147","RM 1,000"
"VMV 6081","RM 1,000"
"VMV 5672","RM 1,000"
"VMV 5245","RM 1,000"
"AMH33","RM 29,300"
"SP 992","RM 7,800"
"AMH13","RM 19,300"
"PRB 3","RM 88,000"
"CBS 77","RM 26,800"
"KFH 7","RM 85,000"
"QPB7","RM 73,000"
"SU7J","RM 57,000"
"QCF 7","RM 73,000"
"SK7C","RM 57,000"
"QAB1J","RM 168,000"
"SU5M","RM 63,800"
"SWD 7","RM 83,000"
"TCG7","RM 85,000"
"SU5J","RM 53,800"
"AMH 7","RM 85,000"
"BSU500","RM 4,300"
"JYV500","RM 5,900"
"VDF 8877","RM 4,000"
"ALY61","RM 9,888"
"PRS7777","RM 8,800"
"VGY91","RM 8,900"
"TAN65","POA"
"MY 6262","POA"
"JBL72","POA"
"APD6","RM 73,500"
"MAY 36","RM 59,800"
"JPR9","RM 198,000"
"APF886","RM 3,800"
"SK9888E","RM 2,800"
"JUW52","RM 8,800"
"UA48","RM 26,800"
"FD34","RM 28,800"
"FD46","RM 28,800"
"FH1993","RM 3,800"
"A1993A","RM 6,800"
"BSU666","RM 12,666"
"VP? 9","RM 148,000"
"BST666","RM 12,999"
"SAB1B","RM 259,999"
"APK 6","RM 73,800"
"JAM 82","RM 12,800"
"KGF 89","RM 9,300"
"KN 29","RM 39,800"
"JUD 730","RM 2,200"
"SJ 666","RM 39,800"
"WJH 80","RM 8,800"
"JML 69","RM 15,800"
"KFG 6","RM 79,800"
"DQ 2222","RM 32,800"
"TDG 82","RM 8,300"
"TDG 9999","RM 13,300"
"VQU 31","RM 11,300"
"VQU 666","RM 14,300"
"VQU 333","RM 17,800"
"VQU 55","RM 21,800"
"QRL 22","RM 19,300"
"KN 778","RM 6,800"
"NM 161","RM 7,300"
"RBE 78","RM 8,300"
"VFR 71","RM 7,300"
"QM 33 T","RM 18,800"
"ME 6333","RM 5,888"
"PHH 4444","RM 11,800"
"TAQ 999","RM 26,800"
"TAH 999","RM 31,800"
"CFE 333","RM 18,800"
"MEE 111","RM 89,800"
"WAF 99","RM 53,800"
"TU 88","RM 209,800"
"QMS 66","RM 26,800"
"VMW 11","RM 53,800"
"CK 808","RM 29,800"
"RR 3456","RM 13,800"
"GOLD 36","RM 89,800"
"VIP 4844","RM 4,800"
"ALL 9319","RM 11,800"
"PSA 9969","RM 4,800"
"JYS 6999","RM 3,900"
"KB 991","RM 16,800"
"RC 886","RM 16,800"
"KX 882","RM 13,800"
"MR 331","RM 26,800"
"WH 303","RM 23,800"
"NT 285","RM 10,800"
"GM 155","RM 17,800"
"R 8828","RM 29,800"
"R 8765","RM 26,800"
"R 1987","RM 29,800"
"Q 583","RM 23,800"
"CCC 8181","RM 23,800"
"APF 1313","RM 6,800"
"NY 1010","RM 19,800"
"BBB 991","RM 26,800"
"TAN 775","RM 26,800"
"SMU 724","RM 3,900"
"SJP 702","RM 3,900"
"DFL 548","RM 3,900"
"RAY 505","RM 13,800"
"AMK 403","RM 3,900"
"SB 442 K","RM 3,900"
"PES 417","RM 10,800"
"BBB 366","RM 26,800"
"SA 199 A","RM 15,800"
"RBB 101","RM 8,800"
"SJQ 86","RM 12,800"
"PPN 86","RM 21,800"
"JYQ 86","RM 18,800"
"MF 82","RM 49,800"
"PNU 80","RM 11,800"
"QAB 68 C","RM 11,800"
"QLD 58","RM 9,800"
"VQK 31","RM 13,800"
"PSB 31","RM 12,800"
"APB 26","RM 14,800"
"CEN 20","RM 14,800"
"TDF 13","RM 18,900"
"XIASEAN 9","RM 219,800"
"VCQ 8","RM 109,800"
"BSQ 5","RM 99,800"
"DT 4","RM 259,800"
"WNQ 1","RM 468,800"
"BPM 1","RM 468,800"
"AHF 1","RM 499,800"
"ANU 1","RM 468,800"
"PKD 33","RM 25,000"
"PKB 3","RM 98,000"
"CAT13","RM 68,000"
"APK 6","RM 76,800"
"TBB8","RM 268,000"
"VPP 9","RM 268,000"
"PPU9","RM 198,000"
"BMW33","RM 138,000"
"PMM 9","RM 268,000"
"ALS 8","RM 128,000"
"VMK 8999","RM 3,500"
"TCH 1333","RM 2,300"
"PPC 95","RM 13,800"
"ALY 43","RM 9,800"
"RL 2555","RM 7,900"
"R128","RM 51,800"
"TS733","RM 10,900"
"DN 8868","RM 14,800"
"JQ2368","RM 3,900"
"MU831","RM 7,900"
"DR7630","RM 5,800"
"KF33Q","RM 28,800"
"AT 8898","RM 13,800"
"VMT 2727","RM 4,800"
"AJY 99","RM 39,800"
"WGL 18","RM 28,800"
"WLK 9","RM 178,000"
"WTV 8","RM 148,000"
"TDG 22","RM 25,800"
"VQU 9998","RM 4,300"
"VQU 9966","RM 3,800"
"VQU 9889","RM 4,300"
"VQU 9339","RM 4,300"
"VQU 8999","RM 4,500"
"VQU 8998","RM 4,500"
"VQU 8988","RM 3,800"
"VQU 8899","RM 4,500"
"VQU 8228","RM 4,500"
"VQU 6868","RM 4,500"
"VQU 3388","RM 4,300"
"VQU 3377","RM 3,800"
"VQU 2882","RM 3,800"
"VQU 2727","RM 4,500"
"VQU 2299","RM 3,800"
"VQU 2211","RM 3,800"
"VQU 1688","RM 4,300"
"VQU 1515","RM 3,800"
"VQU 1188","RM 4,800"
"VQU 889","RM 4,300"
"VQU 881","RM 3,500"
"VQU 878","RM 3,800"
"VQU 868","RM 5,500"
"VQU 818","RM 5,500"
"VQU 788","RM 3,500"
"VQU 737","RM 4,800"
"VQU 727","RM 4,800"
"VQU 628","RM 3,500"
"VQU 626","RM 3,800"
"VQU 318","RM 3,500"
"VQU 268","RM 3,800"
"VQU 168","RM 9,800"
"VQU 138","RM 4,800"
"VQU 128","RM 4,800"
"VQU 115","RM 3,800"
"VQU 93","RM 12,800"
"VQU 78","RM 11,800"
"VQU 68","RM 17,800"
"VQU 63","RM 14,800"
"VQU 777","RM 21,800"
"VQU 66","RM 30,800"
"RBE 9966","RM 3,800"
"RBE 9889","RM 4,300"
"RBE 9339","RM 3,800"
"RBE 8999","RM 3,800"
"RBE 8998","RM 4,300"
"RBE 8899","RM 4,500"
"RBE 6888","RM 3,800"
"RBE 6688","RM 4,500"
"RBE 6668","RM 3,800"
"RBE 3003","RM 3,800"
"RBE 1688","RM 4,300"
"RBE 889","RM 4,300"
"RBE 800","RM 4,300"
"RBE 737","RM 4,300"
"RBE 585","RM 3,800"
"RBE 282","RM 3,800"
"RBE 268","RM 3,800"
"RBE 168","RM 8,800"
"RBE 138","RM 4,800"
"RBE 98","RM 13,800"
"RBE 49","RM 7,800"
"RBE 12","RM 20,800"
"WCC 8","RM 299,800"
"JAY 1217","RM 3,300"
"VME 6800","RM 1,000"
"VNG 6800","RM 1,000"
"VNQ 6800","RM 1,000"
"VMS 6628","RM 1,200"
"VMF 6628","RM 1,200"
"VNM 7111","RM 1,600"
"VMQ 3636","RM 3,300"
"VKB 3636","RM 3,300"
"A41A","RM 118,800"
"FH 13","RM 93,800"
"Y 9999","RM 228,800"
"F 999","POA"
"SS 999 M","RM 45,800"
"SJ 555","RM 55,800"
"WJ 111","RM 75,800"
"AU 99","POA"
"KC 88","POA"
"JYF 77","RM 39,800"
"JJD 77","RM 59,800"
"VMY 599","RM 1,600"
"QDD 55","RM 68,800"
"VMK 2238","RM 1,200"
"VNF 2238","RM 1,200"
"ALG 55","RM 31,800"
"VNB 3393","RM 1,200"
"A 44 A","RM 218,800"
"ANE 11","RM 58,800"
"JGK 11","RM 68,800"
"JJB 11","RM 138,800"
"KT 10","POA"
"PJ 8","POA"
"CFC 7","RM 158,800"
"PLR61","RM 9,999"
"A7A","POA"
"XX 7","POA"
"XX 5","POA"
"PPP 5","POA"
"BBB 5","POA"
"VQA 3","RM 118,800"
"UNISZA 2","RM 88,800"
"BBB 2","POA"
"A2A","POA"
"SJR 80","RM 9,800"
"PSD 77","RM 28,800"
"PSD 22","RM 23,800"
"APK 91","RM 8,800"
"APK 25","RM 9,800"
"PLG 19","RM 28,800"
"KGF 55","RM 19,800"
"VQS 37","RM 9,800"
"TDG 89","RM 10,800"
"TDG 31","RM 10,800"
"DFP 19","RM 16,800"
"VQT 9999","RM 16,800"
"VQU 21","RM 13,800"
"FH 22","RM 128,800"
"QMJ 100","RM 7,800"
"JUP 26","RM 18,800"
"QS22C","RM 23,800"
"UTM 81","RM 16,800"
"VBC 70","RM 10,800"
"JTJ 57","RM 12,800"
"VLG 5555","RM 10,800"
"JSF 3000","RM 4,300"
"VKN 81","RM 10,800"
"VJS 81","RM 10,800"
"BNA 81","RM 10,800"
"DFP 2","RM 98,000"
"PRY 2","RM 95,000"
"WQR 2222","RM 7,800"
"VIP 589","RM 8,900"
"MDY 1","RM 398,800"
"KGF 18","RM 20,800"
"APK 9998","RM 3,300"
"APK 9888","RM 3,300"
"APK 8999","RM 3,300"
"APK 8989","RM 3,300"
"APK 8899","RM 3,300"
"APK 8889","RM 2,900"
"APK 6000","RM 3,300"
"APK 3000","RM 3,300"
"APK 2828","RM 3,300"
"APK 2323","RM 3,300"
"APK 2288","RM 3,300"
"APK 2233","RM 3,300"
"APK 990","RM 2,900"
"APK 989","RM 3,300"
"APK 933","RM 2,900"
"APK 883","RM 3,300"
"APK 838","RM 3,300"
"APK 788","RM 2,900"
"APK 699","RM 2,900"
"APK 669","RM 2,900"
"APK 663","RM 2,900"
"APK 633","RM 2,900"
"APK 338","RM 3,300"
"APK 331","RM 3,300"
"APK 116","RM 2,900"
"APK 110","RM 2,900"
"PSD 9000","RM 3,300"
"PSD 6668","RM 2,800"
"PSD 3000","RM 3,300"
"PSD 990","RM 2,900"
"PSD 778","RM 2,900"
"PSD 110","RM 3,300"
"PSD 2288","RM 3,300"
"PSD 383","RM 3,300"
"PSD 339","RM 2,900"
"PSD 288","RM 3,800"
"JEG32","RM 11,888"
"VK9999","RM 46,800"
"BQN 9889","RM 2,300"
"PQS 77","RM 29,800"
"BSB 3311","RM 3,300"
"VHF 199","RM 3,000"
"VX 9990","RM 1,600"
"G 3914","RM 3,300"
"ANU 2228","RM 1,900"
"WDU 70","RM 7,800"
"VHJ 8989","RM 1,580"
"RAH 338","RM 2,800"
"PQF 338","RM 2,800"
"NCF 777","RM 14,800"
"WYA 62","RM 8,800"
"DFP 16","RM 15,800"
"RBE 2","RM 99,800"
"KE 6788","RM 7,900"
"WL3339","RM 8,900"
"KA3333","RM 42,800"
"MP 9992","RM 8,900"
"DJ 8388","RM 14,800"
"TQ9995","RM 4,900"
"TJ6611","RM 9,800"
"PR8883","RM 12,800"
"QL 316","RM 8,800"
"F7488","RM 7,488"
"WAQ 33","RM 30,000"
"RW 2","RM 439,800"
"BLS 1","RM 419,800"
"CDV 9","RM 159,800"
"ANL 8","RM 119,800"
"ADL 7","RM 139,800"
"WJW 3","RM 198,800"
"VEB 888","RM 27,800"
"VIPS 196","RM 3,800"
"BRY 166","RM 3,800"
"UUU 9793","RM 1,800"
"UUU 6155","RM 1,800"
"UM 3328","RM 2,800"
"WYK 121","RM 2,800"
"TDG 9988","RM 3,800"
"TDG 9898","RM 3,800"
"TDG 8998","RM 3,800"
"TDG 8988","RM 3,800"
"TDG 2266","RM 3,800"
"TDG 2211","RM 3,800"
"TDG 2121","RM 3,800"
"TDG 63","RM 14,800"
"VQU 6262","RM 3,800"
"VQU 2255","RM 3,800"
"VQU 6666","RM 12,800"
"TDG88","RM 31,800"
"DDH 4","RM 45,800"
"RAU 5555","RM 9,800"
"M 4519 M","RM 3,000"
"A 9451 A","RM 3,000"
"FD 3491","RM 3,000"
"VIP 3149","RM 3,000"
"SK 93","RM 45,800"
"Q 62","RM 219,800"
"SYX 8","RM 129,800"
"JH 8181","RM 19,800"
"JH 3311","RM 19,800"
"JHF 6666","RM 15,900"
"ALD 92","RM 9,800"
"JUR 788","RM 5,800"
"VJQ 353","RM 4,800"
"WC 96 Y","RM 15,800"
"SU 96 Q","RM 15,800"
"SU 68 Q","RM 14,800"
"QM 31 U","RM 11,800"
"PSD 3333","RM 11,800"
"JQX 8558","RM 4,800"
"TDD 8686","RM 6,800"
"QLG 8686","RM 4,800"
"CFC 8686","RM 6,800"
"APA 8686","RM 6,800"
"APD 2828","RM 5,300"
"APD 2323","RM 5,300"
"BSH 1010","RM 5,300"
"JYK 228","RM 7,300"
"PRY 89","RM 11,800"
"JYJ 4444","RM 13,800"
"SU 22 P","RM 18,800"
"PHE 3","RM 89,800"
"VQU111","RM 13,800"
"JUP 26","RM 18,800"
"FH 118","RM 18,800"
"NEF 97","RM 7,800"
"QDC 91","RM 9,800"
"VNT 83","RM 10,300"
"QDC 70","RM 7,800"
"QDC 56","RM 6,800"
"Q 53","RM 188,800"
"VNT 52","RM 8,300"
"RBA 30","RM 9,300"
"QDC 29","RM 9,800"
"QDC 23","RM 14,800"
"QDC 7777","RM 12,300"
"QDC 1111","RM 11,800"
"VNT 555","RM 14,300"
"QMJ 100","RM 7,800"
"JSA 9229","RM 1,800"
"GOLD 1168","RM 9,900"
"GM 1168","RM 8,800"
"GM 511","RM 9,000"
"GM 131","RM 12,800"
"QS 999","RM 68,800"
"MCM 999","RM 42,800"
"RBE 9911","RM 3,800"
"RBE 9000","RM 3,800"
"RBE 1199","RM 3,800"
"RBE 1133","RM 3,800"
"RBE 1122","RM 3,800"
"RBE 36","RM 12,800"
"VQT 39","RM 8,800"
"VDJ 2828","RM 4,300"
"VQT 12","RM 15,800"
"VQS 10","RM 25,300"
"VQT 33","RM 28,800"
"NT 881","RM 6,800"
"NU 119","RM 7,300"
"WWV 21","RM 19,800"
"RBE 8888","RM 14,800"
"RBE 777","RM 14,800"
"WNE 68","RM 13,300"
"UNISZA 4","RM 39,800"
"F 65","RM 198,000"
"Y 56","RM 238,000"
"RBC 11","RM 28,800"
"APC 11","RM 29,800"
"CFD 99","RM 39,000"
"SU99Q","RM 23,800"
"SU77Q","RM 17,800"
"APK31","RM 9,800"
"APK26","RM 10,800"
"APK66","RM 21,800"
"APK23","RM 12,800"
"PSD55","RM 18,800"
"PSD86","RM 9,800"
"PSD8888","RM 15,800"
"PSD17","RM 12,800"
"PSD66","RM 21,800"
"VQS17","RM 13,800"
"VQS89","RM 10,800"
"JYU82","RM 9,800"
"JYU33","RM 32,800"
"JYU999","RM 20,800"
"BST98","RM 10,798"
"SJR17","RM 12,300"
"SJR89","RM 9,800"
"VCQ 5","RM 79,800"
"KDX 9","RM 128,000"
"VPH 686","RM 2,300"
"CS168","POA"
"SJ213","RM 5,900"
"BRY90","RM 15,900"
"MK 728","RM 9,700"
"TDE6","RM 93,999"
"PJB63","RM 12,999"
"J939","POA"
"C333","POA"
"WMA6","POA"
"KA9","POA"
"EK33","POA"
"TC88","POA"
"KC1","POA"
"WPL3","POA"
"RBE 9999","RM 14,300"
"RBE 777","RM 14,800"
"WNE 68","RM 13,300"
"UNISZA 4","RM 39,800"
"WLK 555","RM 11,300"
"NT 881","RM 6,800"
"CU 330","RM 6,800"
"NU 119","RM 7,300"
"CJ 110","RM 8,800"
"WWV 21","RM 19,800"
"VIPS 999","RM 38,800"
"MK 718","RM 9,700"
"JWT 86","RM 47,000"
"MEE777","RM 38,800"
"BQS777","RM 38,800"
"JM 728","RM 7,700"
"AP 8822","RM 8,500"
"AJC12","RM 13,800"
"WDB66","RM 27,800"
"NR111","RM 50,800"
"NA37","RM 40,800"
"M6663","RM 36,800"
"KDU22","RM 22,000"
"DU3333","RM 40,800"
"D633","RM 45,800"
"BW111","RM 50,800"
"QLE 21","RM 15,800"
"BSF 1331","RM 5,000"
"NBS 888","RM 29,900"
"PMK 21","RM 19,900"
"JWP 96","RM 24,800"
"JVW 6","RM 139,800"
"AMY 8808","RM 16,800"
"SYY 77","RM 59,800"
"JQU 69","RM 20,800"
"JQM 36","RM 15,800"
"WYB 83","RM 15,800"
"FH 766","RM 9,999"
"JJV 8888","RM 39,800"
"JSN 999","RM 28,800"
"WRK 8","RM 129,800"
"WRF 8","RM 159,800"
"WFN 8","RM 159,800"
"KBF 8","RM 149,800"
"DX 30","RM 58,800"
"BD 10","RM 168,000"
"TJ 818","RM 26,800"
"PKS 4","RM 44,800"
"WWP 4","RM 79,800"
"WRV 123","RM 8,900"
"WLY 13","RM 27,800"
"WFF 58","RM 14,800"
"VE 43","RM 38,800"
"SYX 13","RM 21,800"
"RAX 13","RM 24,800"
"PBH 9","RM 148,000"
"MAK 84","RM 23,800"
"AAA 4174","RM 23,800"
"WAJ 889","RM 10,900"
"TX 28","RM 99,800"
"TH 700","RM 21,800"
"TD 63","RM 78,800"
"RB 72","RM 53,800"
"NQ 6000","RM 21,800"
"ND 86","RM 73,800"
"NAA 78","RM 39,800"
"JX 67","RM 73,800"
"JBP 25","RM 13,900"
"CN 92","RM 49,800"
"BCS 4","RM 48,800"
"WS 1000","RM 26,800"
"SD 47","RM 38,800"
"CR 25","RM 53,800"
"RA 26","RM 83,800"
"UC 65","RM 30,800"
"UC 58","RM 30,800"
"VIP 2282","RM 9,800"
"VA 338","RM 16,800"
"WNE 99","RM 44,800"
"VPW 63","RM 14,900"
"PHF 55","RM 26,800"
"QRW 18","RM 20,900"
"QDC 11","RM 32,800"
"ADL 3","RM 103,800"
"W6U","RM 360,700"
"VG1","RM 1,485,000"
"VN1","RM 1,485,000"
"DDD2228","RM 4,300"
"SMQ9","RM 140,700"
"QCC9","RM 260,700"
"VR1","RM 1,485,000"
"SMP3","RM 83,800"
"VQQ80","RM 18,800"
"QM9J","RM 79,999"
"VQT5","RM 93,999"
"KGD5","RM 88,999"
"JLW6","RM 128,000"
"DFP 18","RM 20,800"
"DFP 23","RM 13,300"
"DFP 25","RM 8,300"
"DFP 26","RM 12,300"
"DFP 27","RM 12,300"
"DFP 28","RM 16,300"
"DFP 39","RM 8,800"
"DFP 68","RM 12,800"
"DFP 69","RM 9,300"
"DFP 81","RM 9,300"
"DFP 98","RM 10,300"
"DFP 168","RM 5,300"
"DFP 222","RM 10,300"
"DFP 555","RM 11,300"
"DFP 999","RM 19,300"
"DFP 1111","RM 10,800"
"DFP 3333","RM 9,300"
"SU 22 Q","RM 14,800"
"SU 27 Q","RM 9,800"
"SU 55 Q","RM 15,300"
"SU 100 Q","RM 6,800"
"SU 168 Q","RM 4,800"
"SU 555 Q","RM 8,800"
"SU 668 Q","RM 3,300"
"SU 899 Q","RM 3,800"
"SU 999 Q","RM 14,800"
"SU 1111 Q","RM 8,300"
"SU 9999 Q","RM 11,800"
"Q 58","RM 178,000"
"DFP 6868","RM 4,900"
"VQT 6868","RM 5,500"
"VQT 3388","RM 4,200"
"VQS 2626","RM 4,800"
"VQS 1199","RM 4,800"
"VQS 328","RM 4,800"
"VQS 83","RM 11,800"
"VQS 26","RM 17,800"
"VQS 18","RM 28,800"
"BST 19","RM 20,800"
"FH 9992","RM 4,800"
"FH 8881","RM 4,800"
"FH 8558","RM 6,800"
"FH 6633","RM 7,800"
"FH 6226","RM 6,800"
"FH 6060","RM 6,800"
"FH 3322","RM 8,800"
"FH 3311","RM 8,800"
"FH 3233","RM 4,800"
"FH 3133","RM 4,800"
"FH 2828","RM 16,800"
"FH 1133","RM 9,800"
"FH 747","RM 6,800"
"FH 188","RM 16,800"
"FH 128","RM 16,800"
"PSA 18","RM 22,800"
"PGY 18","RM 26,800"
"MV 99","RM 168,000"
"DEP 9696","RM 3,800"
"DEP 83","RM 10,800"
"VQT 95","RM 12,800"
"APK 13","RM 23,800"
"VQS 999","RM 25,800"
"VQS 80","RM 13,800"
"BST 288","RM 6,500"
"BST 118","RM 9,800"
"BST 18","RM 26,800"
"QM999U","RM 12,800"
"ANY1000","RM 4,800"
"DFH 22","RM 22,800"
"SP3381","RM 2,800"
"JYE1881","RM 3,800"
"X89","RM 388,000"
"JYD96","RM 17,800"
"VQ99","RM 199,000"
"DFP 27","RM 12,300"
"DFP 26","RM 12,300"
"DFP 25","RM 8,300"
"DFP 23","RM 13,300"
"DFP 18","RM 20,800"
"TN 86","RM 58,800"
"SAS 7","RM 448,000"
"CBF 288","RM 4,388"
"VMV 3808","RM 1,200"
"VMV 3613","RM 1,200"
"VMV 2163","RM 1,000"
"VMV 1878","RM 1,300"
"VMV 1650","RM 1,000"
"VMV 9842","RM 1,000"
"VMV 9492","RM 1,000"
"VMV 9392","RM 1,000"
"VMV 9238","RM 1,000"
"VMV 7866","RM 1,000"
"VMV 7710","RM 1,000"
"VMV 7503","RM 1,000"
"VMV 7500","RM 1,200"
"VMV 7455","RM 1,000"
"VMV 7313","RM 1,000"
"VMV 7228","RM 1,300"
"VMV 7110","RM 1,000"
"VMV 6909","RM 1,000"
"VMV 6411","RM 1,000"
"VMV 6396","RM 1,000"
"VMV 6285","RM 1,000"
"DFP88","RM 29,800"
"JX 728","RM 7,700"
"SMR 7","RM 98,000"
"PKW55","RM 26,888"
"CFA7","RM 93,999"
"APK5","RM 99,999"
"VQT 16","RM 13,500"
"VQT 12","RM 15,800"
"VQS 10","RM 25,300"
"VQT 2222","RM 8,300"
"VQS 777","RM 16,800"
"VQT 33","RM 28,800"
"VQS 11","RM 35,800"
"JYU 69","RM 11,800"
"JYU 68","RM 15,800"
"JYU 63","RM 12,800"
"JYU 3333","RM 11,800"
"SJR 22","RM 20,300"
"QTU 87","RM 7,800"
"WWQ 61","RM 9,300"
"BHR 52","RM 6,300"
"TBA 333","RM 13,300"
"QS 11 V","RM 24,800"
"DFP17","RM 12,800"
"KBA 8","RM 108,800"
"VMV 5461","RM 1,000"
"VMV 5224","RM 1,000"
"VPQ 8111","RM 3,500"
"APD 5000","RM 3,800"
"APD 1616","RM 3,800"
"VPQ 8866","RM 3,800"
"VQP 8118","RM 4,500"
"APD 6969","RM 3,800"
"APD 3838","RM 3,800"
"APD 1221","RM 3,500"
"APD 3223","RM 3,800"
"APD 6333","RM 3,500"
"APD 2112","RM 3,800"
"VPQ 6333","RM 3,500"
"WPU 11","RM 43,800"
"APD 2332","RM 3,800"
"APD 1221","RM 3,500"
"VPQ 8111","RM 3,500"
"VQP 8118","RM 4,500"
"VPQ 8866","RM 3,800"
"VMV 4776","RM 1,000"
"VMV 4707","RM 1,000"
"VMV 3876","RM 1,000"
"VMV 3813","RM 1,000"
"VMV 3596","RM 1,000"
"VMV 3431","RM 1,000"
"VMV 3404","RM 1,000"
"VMV 3258","RM 1,000"
"VMV 3161","RM 1,000"
"VMV 3148","RM 1,000"
"VMV 3061","RM 1,000"
"VMV 2713","RM 1,000"
"VMV 2557","RM 1,000"
"VMV 2526","RM 1,000"
"VMV 2359","RM 1,000"
"VMV 2324","RM 1,000"
"VMV 1905","RM 1,000"
"VMV 1522","RM 1,000"
"VMV 1521","RM 1,000"
"VMV 1362","RM 1,000"
"VMV 1343","RM 1,000"
"VMV 2345","RM 1,300"
"VMV 1308","RM 1,600"
"VMV 1266","RM 1,300"
"JYU 990","RM 3,800"
"JYU 969","RM 3,800"
"JYU 886","RM 3,800"
"JYU 711","RM 3,800"
"JYU 133","RM 3,800"
"JYU 131","RM 3,800"
"JYU 8889","RM 3,800"
"JYU 6000","RM 3,800"
"SJR 9966","RM 3,300"
"SJR 9888","RM 3,300"
"SJR 9666","RM 2,800"
"SJR 200","RM 3,800"
"SJR 166","RM 2,900"
"SJR 119","RM 3,300"
"SJR 116","RM 2,900"
"SJR 399","RM 2,900"
"SJR 339","RM 2,900"
"SJR 336","RM 2,900"
"SJR 311","RM 3,300"
"SJR 233","RM 2,900"
"SJR 993","RM 2,800"
"SJR 711","RM 3,300"
"PSD 233","RM 2,900"
"PSD 199","RM 3,300"
"PSD 126","RM 3,300"
"PSD 119","RM 3,300"
"SWJ 5","RM 81,800"
"TCX 33","RM 29,800"
"QM 35 T","RM 38,800"
"DFB 888","RM 138,000"
"UU 88","RM 588,000"
"VQT 33","RM 28,800"
"VDJ 2828","RM 3,800"
"UTEM80","RM 8,888"
"SU 9999 Q","RM 11,800"
"SU 1111 Q","RM 8,300"
"SU 999 Q","RM 14,800"
"SU 899 Q","RM 3,800"
"SU 668 Q","RM 3,300"
"SU 555 Q","RM 8,800"
"SU 168 Q","RM 4,800"
"ABW 8055","RM 18,000"
"SU 100 Q","RM 6,800"
"SU 55 Q","RM 15,300"
"SU 27 Q","RM 9,800"
"SU 22 Q","RM 14,800"
"QAA7F","RM 49,000"
"QAB7B","RM 49,000"
"QAA7C","RM 49,000"
"QAA7E","RM 49,000"
"ANP600","RM 2,900"
"BPQ228","RM 2,800"
"SB7E","RM 57,000"
"DEH 11","RM 48,000"
"QS7F","RM 57,000"
"VQT6868","RM 5,500"
"VQT3388","RM 4,200"
"SU19Q","RM 12,800"
"QQ 9398","RM 9,800"
"G 9398","RM 9,800"
"VQR3311","RM 3,800"
"CEC126","RM 7,800"
"BSS113","RM 11,800"
"VQP2288","RM 6,800"
"PSD 88","RM 38,800"
"SU 19 Q","RM 12,800"
"VQ 65","RM 39,800"
"SU 55 Q","RM 15,300"
"SU 13 Q","RM 12,800"
"KGF 555","RM 11,300"
"KGF 123","RM 4,300"
"KGF 54","RM 6,800"
"KGF 20","RM 9,800"
"KGF 911","RM 4,300"
"APJ 77","RM 23,800"
"KGE 77","RM 22,800"
"VJY 22","RM 23,800"
"MU 8838","RM 5,800"
"PRY 9999","RM 14,500"
"JWE 8888","RM 17,500"
"DFJ 999","RM 14,900"
"BJG9000","RM 1,800"
"VMM 4888","RM 1,600"
"WTW 7","RM 200,000"
"KGF 168","RM 5,300"
"KGF 123","RM 4,300"
"KGF 93","RM 8,800"
"KGF 90","RM 8,800"
"KGF 82","RM 7,300"
"KGF 54","RM 6,800"
"KGF 20","RM 9,800"
"RG833","RM 16,800"
"APK 6666","RM 11,800"
"APK 1818","RM 3,800"
"APK 1188","RM 3,800"
"APK 1118","RM 3,800"
"APK 911","RM 4,300"
"APK 828","RM 3,800"
"APK 123","RM 4,800"
"APK 96","RM 15,300"
"APK 92","RM 7,800"
"APK 83","RM 8,800"
"APK 81","RM 9,800"
"APK 78","RM 9,800"
"APK 65","RM 7,300"
"APK 39","RM 9,800"
"APK 30","RM 9,300"
"APK 27","RM 13,300"
"APK 20","RM 10,300"
"APK 16","RM 13,300"
"VQS 9998","RM 3,300"
"VQS 9988","RM 3,300"
"VQS 6666","RM 12,800"
"VQS 866","RM 3,300"
"VQS 833","RM 3,300"
"VQS 663","RM 3,300"
"VQS 300","RM 4,300"
"VQS 228","RM 4,300"
"VQS 76","RM 9,800"
"VQS 38","RM 11,800"
"VQS 20","RM 11,300"
"VQS 19","RM 19,300"
"VQS 16","RM 14,800"
"PSD 9966","RM 3,300"
"PSD 1818","RM 3,300"
"PSD 999","RM 21,300"
"PSD 666","RM 14,800"
"PSD 111","RM 14,800"
"PSD 91","RM 9,800"
"PSD 79","RM 7,800"
"PSD 72","RM 9,800"
"PSD 62","RM 6,800"
"PSD 57","RM 7,300"
"PSD 53","RM 7,800"
"PSD 51","RM 7,300"
"PSD 26","RM 13,800"
"PSD 21","RM 12,800"
"PSD 16","RM 13,300"
"ADV89","RM 11,300"
"PR 105","RM 6,600"
"APK 1818","RM 3,800"
"APK 1188","RM 3,800"
"APK 1118","RM 3,800"
"APK 911","RM 4,300"
"APK 828","RM 3,800"
"APK 123","RM 4,800"
"APK 96","RM 15,300"
"APK 92","RM 7,800"
"APK 83","RM 8,800"
"APK 81","RM 9,800"
"APK 78","RM 9,800"
"APK 65","RM 7,300"
"APK 39","RM 9,800"
"APK 30","RM 9,300"
"APK 27","RM 13,300"
"APK 20","RM 10,300"
"APK 16","RM 13,300"
"PSD 1818","RM 3,300"
"PSD 9966","RM 3,300"
"PSD 999","RM 21,300"
"PSD 666","RM 14,800"
"PSD 111","RM 14,800"
"PSD 91","RM 9,800"
"PSD 79","RM 7,800"
"PSD 72","RM 9,800"
"PSD 62","RM 6,800"
"PSD 57","RM 7,300"
"PSD 53","RM 7,800"
"PSD 51","RM 7,300"
"PSD 27","RM 13,300"
"PSD 26","RM 13,800"
"PSD 21","RM 12,800"
"PSD 16","RM 13,300"
"JAM 121","POA"
"NAA 520","RM 7,500"
"PQX10","RM 36,800"
"APJ 88","RM 31,800"
"KS 502","RM 6,600"
"VP 100","RM 29,800"
"AMG 13","RM 78,800"
"VPT 8585","RM 3,800"
"CF 7000","POA"
"ABD 8055","POA"
"NG 1162","POA"
"RD5551","POA"
"TS 103","POA"
"BEE 223","POA"
"WAA71","POA"
"CW400","POA"
"JJ 8005","POA"
"CL196","POA"
"WEE 232","POA"
"CR126","POA"
"NG 3136","POA"
"CK 393","POA"
"CW 889","POA"
"CN 900","POA"
"CR 996","POA"
"CT 811","POA"
"CT 998","POA"
"JDE 805","POA"
"BEN 669","POA"
"CV 700","POA"
"NF 300","POA"
"CM 500","POA"
"CL 318","POA"
"MT 182","POA"
"MS 508","POA"
"MF 669","POA"
"MU 389","POA"
"MW 877","POA"
"MQ 668","POA"
"DP 993","POA"
"TC 900","POA"
"APG 727","RM 4,300"
"ANU 262","RM 2,800"
"VMN 786","RM 5,800"
"APG 822","RM 3,500"
"APG 34","RM 7,800"
"APG 787","RM 3,800"
"BSN 911","RM 5,800"
"VPY 786","RM 5,800"
"VQA 3833","RM 3,500"
"SMN 37","RM 9,800"
"VQA 3663","RM 3,800"
"VPY 323","RM 4,800"
"VQA 626","RM 3,800"
"VQA 3888","RM 4,500"
"APG 1118","RM 4,300"
"VNM 232","RM 2,800"
"VQA 323","RM 4,800"
"PRF 50","RM 8,800"
"APG 40","RM 7,800"
"BSD 292","RM 2,800"
"PRF 74","RM 6,800"
"VQJ 53","RM 8,300"
"MDV 22","RM 23,800"
"BSD 8998","RM 2,800"
"VQJ 42","RM 8,800"
"VQJ 5151","RM 3,800"
"VQJ 8886","RM 3,800"
"BSR 1133","RM 4,300"
"VQJ 31","RM 17,800"
"PQM 25","RM 9,800"
"BSR 72","RM 12,800"
"VQJ 25","RM 11,800"
"BRR 15","RM 23,800"
"BSR 1688","RM 4,300"
"SJQ 18","RM 26,800"
"BSD 9998","RM 2,800"
"PQP 35","RM 11,800"
"VQJ 900","RM 4,500"
"BSR 2888","RM 4,300"
"VQJ 998","RM 4,300"
"VQJ 62","RM 8,800"
"VQJ 757","RM 3,800"
"VQJ 6668","RM 3,800"
"APG 3113","RM 3,800"
"ANU 7878","RM 2,800"
"MDU 65","RM 6,800"
"VQJ 8055","RM 5,500"
"BSD 2223","RM 2,500"
"BSR 18","RM 27,800"
"ANU 8000","RM 2,800"
"ANU 2628","RM 2,800"
"VQJ 76","RM 10,800"
"VQJ 9119","RM 4,300"
"SJQ 22","RM 26,800"
"APG 3388","RM 4,300"
"BSR 6666","RM 15,800"
"SJQ 55","RM 26,800"
"BSD 8383","RM 2,800"
"VQL 19","RM 22,800"
"VQK 238","RM 3,800"
"VQH 990","RM 3,800"
"VQH 72","RM 12,800"
"KGE 1","RM 368,800"
"APH 13","RM 23,800"
"VQK 118","RM 11,800"
"VQC 3223","RM 3,800"
"VQC 90","RM 12,800"
"PRY 28","RM 23,800"
"VQL 65","RM 8,800"
"NEJ 33","RM 33,800"
"BSP 919","RM 4,800"
"VQL 30","RM 12,800"
"VQK 707","RM 4,300"
"BSP 880","RM 3,800"
"VQL 34","RM 8,800"
"VQK 6996","RM 3,800"
"VQH 9393","RM 4,300"
"APH 69","RM 14,800"
"VQL 38","RM 13,800"
"VQK 98","RM 14,800"
"NEJ 2288","RM 3,800"
"VQH 8800","RM 3,800"
"NEJ 3388","RM 3,800"
"VQH 117","RM 4,500"
"PRY 96","RM 19,800"
"PSB 16","RM 16,800"
"NEJ 98","RM 13,800"
"VQK 199","RM 3,800"
"NEJ 777","RM 19,800"
"VQH 1818","RM 6,500"
"QCV 15","RM 16,800"
"BSP 911","RM 5,800"
"VQH 15","RM 17,800"
"VQH 838","RM 5,800"
"VKC 4","RM 48,800"
"NEJ 38","RM 12,800"
"SWQ 555","RM 16,800"
"NEJ 27","RM 15,800"
"VQK 1133","RM 4,300"
"VQC 1888","RM 4,500"
"NEJ 19","RM 21,800"
"BSP 898","RM 4,800"
"VQK 16","RM 18,800"
"BSP 883","RM 3,800"
"BSP 899","RM 4,800"
"VQK 1919","RM 4,300"
"VQK 8181","RM 3,800"
"BSH 788","RM 3,500"
"BSF 96","RM 19,800"
"RBA 111","RM 19,800"
"PRQ 13","RM 20,800"
"VNV 1881","RM 5,300"
"VQL 1288","RM 3,800"
"BRY 595","RM 2,800"
"VQM 3333","RM 15,800"
"SWN 36","RM 13,800"
"VQM 91","RM 15,800"
"VNV 113","RM 7,800"
"VPC 32","RM 11,800"
"DFB 3","RM 98,800"
"VQL 616","RM 3,800"
"BSF 96","RM 19,800"
"VQL 8118","RM 4,800"
"BRY 595","RM 2,800"
"RBA 26","RM 16,800"
"VNV 166","RM 4,300"
"VQM 3333","RM 15,800"
"VNV 113","RM 7,800"
"BSH 663","RM 3,500"
"RBA 9339","RM 3,800"
"VNV 8838","RM 4,300"
"VQM 91","RM 15,800"
"VMT 9993","RM 2,500"
"PRQ 13","RM 20,800"
"BRY 3322","RM 2,800"
"VQL 225","RM 3,500"
"VMU 2233","RM 3,500"
"VNV 1881","RM 5,300"
"PRQ 688","RM 4,800"
"RBA 1313","RM 6,800"
"VQL 223","RM 3,800"
"VQM 8080","RM 4,300"
"PRQ 118","RM 9,800"
"VQL 76","RM 10,800"
"RBA 2222","RM 10,800"
"VQM 2121","RM 4,300"
"VQL 2828","RM 6,800"
"RBA 555","RM 16,800"
"VQM 600","RM 4,800"
"A 24 A","RM 38,800"
"VMU 882","RM 2,500"
"RBA 111","RM 19,800"
"SMQ 15","RM 16,800"
"VQB 7227","RM 3,800"
"BSP 328","RM 3,800"
"VQB 2020","RM 3,800"
"BSP 128","RM 4,800"
"VQA 7373","RM 3,800"
"BSL1001","RM 4,500"
"VQB 1999","RM 3,500"
"VQA 9333","RM 3,500"
"VQB 996","RM 5,500"
"VQB 933","RM 3,500"
"VQB 8787","RM 3,800"
"M 42 M","RM 26,800"
"VQA 5151","RM 3,800"
"VQB 3232","RM 3,800"
"BRY 9229","RM 2,800"
"BSP 126","RM 4,300"
"BSP 238","RM 3,500"
"BSL1212","RM 4,800"
"VMR 1228","RM 2,800"
"BSK 117","RM 4,300"
"BSP 700","RM 4,300"
"VQA 8282","RM 3,800"
"BSL1616","RM 4,300"
"BSP 5","RM 83,800"
"VQA 9933","RM 3,800"
"VQA 8882","RM 3,800"
"VQB 6699","RM 3,800"
"VQA 8886","RM 3,800"
"VQA 9933","RM 3,800"
"VQB 1999","RM 3,500"
"BSL1616","RM 4,300"
"VQB 7227","RM 3,800"
"VQA 6161","RM 3,800"
"BSP 2","RM 108,000"
"VQB 3232","RM 3,800"
"RBA 8181","RM 2,800"
"VQA 9333","RM 3,500"
"BRY 8880","RM 2,500"
"BSP 600","RM 4,300"
"BSL989","RM 3,800"
"VQB 2020","RM 3,800"
"VQS 9998","RM 3,300"
"VQS 9988","RM 3,300"
"VQS 866","RM 3,300"
"VQS 833","RM 3,300"
"VQS 663","RM 3,300"
"VQS 228","RM 4,300"
"VQS 76","RM 9,800"
"VQS 38","RM 11,800"
"VQS 20","RM 11,300"
"JYU 8055","RM 5,300"
"JYU 4444","RM 7,300"
"JYU 1000","RM 4,800"
"JYU 888","RM 30,800"
"JYU 805","RM 4,300"
"JYU 686","RM 4,300"
"JYU 80","RM 10,800"
"JYU 70","RM 9,800"
"JYU 55","RM 30,800"
"JYU 50","RM 10,300"
"JYU 45","RM 9,800"
"JYU 27","RM 16,800"
"JYU 10","RM 38,800"
"BST 61","RM 7,800"
"FH 667","RM 8,300"
"FH 779","RM 8,800"
"FH 277","RM 7,800"
"FH 229","RM 7,800"
"CF 103","POA"
"MY 321","POA"
"MX1117","POA"
"TAN1162","POA"
"QP 81","RM 49,800"
"JYU 8055","RM 5,300"
"JYU 1000","RM 4,800"
"JYU 888","RM 30,800"
"JYU 805","RM 4,300"
"JYU 686","RM 4,300"
"JYU 80","RM 10,800"
"JYU 70","RM 9,800"
"JYU 55","RM 30,800"
"JYU 50","RM 10,300"
"JYU 45","RM 9,800"
"JYU 27","RM 16,800"
"JYU 10","RM 38,800"
"BST 61","RM 7,800"
"TJ 995","RM 11,800"
"NV 955","RM 9,800"
"MU 955","RM 10,800"
"SJR 8899","RM 3,300"
"SJR 2828","RM 3,300"
"SJR 1818","RM 3,800"
"SJR 988","RM 3,800"
"SJR 899","RM 4,300"
"SJR 686","RM 3,300"
"SJR 555","RM 12,300"
"SJR 500","RM 3,800"
"SJR 228","RM 4,300"
"SJR 100","RM 6,800"
"SJR 91","RM 9,800"
"SJR 73","RM 8,300"
"SJR 53","RM 7,800"
"SJR 39","RM 9,800"
"SJR 29","RM 9,800"
"VDQ 8638","RM 1,200"
"VMK 8638","RM 1,200"
"VCQ 8638","RM 1,200"
"VQP 19","RM 22,800"
"JYU16","RM 14,800"
"MCD318","RM 5,000"
"RR 1717","RM 38,800"
"RR 4646","RM 28,800"
"KDK 9","RM 299,800"
"SD999","RM 59,800"
"SJR 8899","RM 3,300"
"SJR 2828","RM 3,300"
"SJR 988","RM 3,800"
"SJR 899","RM 4,300"
"SJR 686","RM 3,300"
"SJR 555","RM 12,300"
"SJR 500","RM 3,800"
"SJR 228","RM 4,300"
"SJR 91","RM 9,800"
"SJR 73","RM 8,300"
"SJR 53","RM 7,800"
"SJR 39","RM 9,800"
"SJR 29","RM 9,800"
"SJR 10","RM 25,800"
"UQ 2","RM 388,000"
"WA 93","RM 59,800"
"WMM 9900","RM 7,800"
"FH 8811","RM 9,900"
"QQ 3883","RM 23,800"
"CCC 3663","RM 16,800"
"FH 989","RM 19,800"
"CL 505","RM 16,800"
"VGQ 266","RM 4,800"
"FH 108","RM 19,800"
"WFW 82","RM 21,800"
"VFA 5","RM 96,800"
"KS 890","RM 6,300"
"AD2228","RM 9,800"
"VPL 73","RM 8,300"
"TJ 995","RM 11,800"
"NV 955","RM 9,800"
"MU 955","RM 10,800"
"BW6161","RM 6,800"
"PDJ 20","RM 10,000"
"AAD 333","RM 33,000"
"VQQ 51","RM 18,800"
"DA 7055","POA"
"VBK 18","RM 16,800"
"BNE 9449","RM 2,300"
"WYG2424","RM 2,300"
"bqb 666","RM 22,888"
"vkp 8282","RM 2,400"
"PPG2","RM 218,000"
"SJP 333","RM 14,800"
"BSS 22","RM 55,800"
"BSS 111","RM 32,800"
"BSS 168","RM 16,800"
"SAM1919","RM 19,900"
"GM 5555","RM 33,800"
"BLK999","RM 19,900"
"JVJ44","RM 20,900"
"JVK32","RM 9,800"
"WJB999","RM 23,000"
"PRX7777","RM 13,000"
"MCJ777","RM 13,800"
"PHH3333","RM 16,800"
"AFR333","RM 16,800"
"PER666","RM 16,800"
"DEN66","RM 28,000"
"BBP22","RM 42,000"
"JJV6666","RM 25,800"
"JDJ55","RM 58,800"
"JJR111","RM 42,800"
"AV999","RM 68,888"
"PME6","RM 77,000"
"BEW9","RM 126,000"
"CDD6","RM 138,000"
"CCG4 (CCC4)","RM 88,000"
"SYK2424","RM 1,599"
"WY 600","POA"
"BEF 27","RM 19,800"
"FH 211","RM 8,800"
"VPW 3366","RM 3,000"
"VMB 3366","RM 2,800"
"VLE 3366","RM 2,800"
"VML 3699","RM 1,000"
"VKU  8228","RM 3,800"
"VMJ  8228","RM 3,800"
"VNF 8228","RM 3,800"
"VNL 8168","RM 1,600"
"VNP 3899","RM 1,300"
"VLS 3899","RM 1,300"
"VKK 3899","RM 1,600"
"VML 148","RM 1,200"
"VGJ 5551","RM 1,300"
"VPA 5551","RM 1,300"
"VMR 501","RM 1,300"
"VLD 501","RM 1,300"
"VLE 1809","RM 1,000"
"VMR 1809","RM 1,000"
"ACE 555","RM 25,000"
"WRA80","RM 11,800"
"WVX80","RM 11,800"
"KS 216","RM 6,600"
"VHJ 1181","RM 1,600"
"VFM 9696","RM 3,800"
"JVT 818","RM 5,800"
"JYA 999","RM 28,800"
"VMM 9409","RM 1,300"
"VMM 9398","RM 1,300"
"VMM 9355","RM 1,300"
"VMM 9325","RM 1,300"
"VMM 9323","RM 1,300"
"VMM 9301","RM 1,300"
"VMM 9295","RM 1,300"
"VMM 9263","RM 1,300"
"VMM 9232","RM 1,300"
"VMM 9230","RM 1,600"
"VMM 9198","RM 1,600"
"VMM 9173","RM 1,300"
"VMM 9161","RM 1,300"
"VMM 9144","RM 1,300"
"VMM 9139","RM 1,600"
"VMM 9123","RM 1,300"
"VMM 9122","RM 1,300"
"VMM 9109","RM 1,300"
"JRH 838","RM 4,300"
"PKK 212","RM 4,300"
"WYG 8833","RM 1,600"
"AND 112","RM 4,800"
"FH 16","RM 189,999"
"VQQ 84","RM 19,800"
"SD8H","POA"
"PMM33","POA"
"K2222","POA"
"PNB55","POA"
"DFF9","POA"
"WKU7","POA"
"AS33","POA"
"CJ5","POA"
"BQP 5","RM 68,000"
"JSG 2020","RM 2,300"
"VPH 1331","RM 2,800"
"VNG 1331","RM 2,800"
"VFB 661","RM 1,600"
"VMP 661","RM 1,600"
"VKA 321","RM 1,600"
"VLU 321","RM 1,600"
"VMT 321","RM 1,600"
"VQF 7070","RM 2,800"
"VPH 7070","RM 2,800"
"VND 7070","RM 2,800"
"VJA 1208","RM 1,000"
"VDN 1208","RM 1,000"
"VMG 1208","RM 1,000"
"VNK 1131","RM 1,600"
"VMC 1800","RM 1,300"
"VMA 1800","RM 1,300"
"VLX 1800","RM 1,300"
"VKG 232","RM 2,800"
"VMS 232","RM 2,800"